ID,method,bins,binned_values,distribution,utility,kl_d,l2_norm,gpt_prompt
0,gold-standard,[ -1  18  35  50  65 100],"[ 50  35  35  35  35  35  35  35  65  65  35  35  65  65  65  35  35  35
  35  35  35  50  50  35  65  50  50  35  65  50  65  35  35  35  50  35
  35  50  35  65  35  50  50  65  50  35  35  35  35  35  35  35  35  65
  50  35  50  35  50  35  35  50  50  35  50  35  50  65  35  35  35  35
  50  35  35  35  50  35  35  35  35  35  50  35  50  35  50  35  50  35
  35  35  50  65  35  50  35  35  35  35  35  35  35  35  35  35  35  50
  35  35  35  50  35  35  50  65  50  35  35  35  35  35  35 100  35  35
  35  35  50  65  35  35  35  50  35  35  35  35  35  35  65  50  35  50
  35  35  50  35  65  35  35  50  50  35  50  50  35  35  35  50  50  50
  35  35  35  50  35  35  35  35  50  35  35  35  35  50  50  35  50  50
  35  35  35  35  50  50  65  35  35  35  35  50  50  50  50  35  35  35
  35  35  35  35  35  35  65  35  65  65  35  50  35  35  65  35  50  50
  35  35  35  50  35 100  50  65  35  35  35  35  35  35  35  50  35  35
  35  35  65  35  35  35  35  35  35  35  35  50  50  35  35  35  50  35
  35  35  50  35  35  35  35  65  35  35  35  65  35  50  35  35  35  35
  50  35  50  35  65  35  35  35  65  35  35  50  50  50  65  65  35  35
  35  35  35  35  35  35  65  35  35  35  50  65  35  35  35  35  50  35
  50  35  35  35  50  35  35  35  50  35  35  35  35  65  35  35  50  50
  35  35  35  50  35  50  50  35  50  50  35  35  50  50  35  50  35  50
  35  35  65  50  35  35  35  50  35  35  50  35  35  50  35  50  50  35
  35  65  65 100  35  35  35  35  35  50  35  35  35  35  35  65  35  35
  35  35  35  35  35  35  35  35  35  50  65  35  50  35  35  50  35  35
  50  35  35  35  35  65  35  50  50  35  50  35  50  35  35  35  35  35
  35  35  35  50  35  35  35  35  35  35  50  35  35  50  35  50  35  50
  35  35  50  35  50  35  35  35  50  35  35  35  35  35  35  35  35  35
  35  35  35 100  35  50  65  35  65 100  50  35  50  50  35  35  35  35
  50  35  35  35  35  50  35  65  35  35  50  65  35  35  35  35  35  35
  35  65  35 100  35  50  35  50  35 100  35  35  65  50  35  35  50  50
  50  50  35  35  35  65  50  35  65  35  35  35  65  65  50  65  35  35
  35  50  35  35  35  35  35  35  35  35  35  35  35  35  50 100  35  35
  50  35  65  35  35  50  65  35  50  50  35  35 100  35  35  50  35  65
  50  35  65  35  35  35  35  35  35  50  50  35  50  35  35  35  35  35
  35  35  50  65  35  35  65  50  65  35  50  35  65  35  50  35  50  35
  35  35  50  35  50  35  35  35  35  65  50  35  35  35  35  35  35  50
  50  35  50  35  35  35  50  35  35  35  50  35  35  35  35  35  50  35
  35  35  35  35  35  50  50  35  35  35  35  35  50  35  35  35  35  35
  50  35  35  35  35  35  35  35  35  50  65  35  65  35  50  50  50  35
 100  50  50  50  50  35  50  35 100  35  65  35  35  35  35  35  35  35
 100  35  35  35  35  50  35  50  35  50  35  50  35  35  35  35  35  50
  65  50  35  35  35  35  50  35  35  50  50  35  35  35  35  65  35  65
  35  35  50  50  50  50  35  35  35  35  35  35  35  35  65  35  35  50
  35  50  50  35  35  50  50  50  35  35  50  50  35  35  35  35  50  50
  50  65  35 100  35  50  35  65  35  35  50  35]",[0.         0.63541667 0.24869792 0.09505208 0.02083333],0.16984313614234628,1.0,1.0,0
1,equal-width,[20. 51. 81.],"[51. 51. 51. 51. 51. 51. 51. 51. 81. 81. 51. 51. 81. 81. 51. 51. 51. 51.
 51. 51. 51. 51. 51. 51. 51. 51. 51. 51. 81. 51. 81. 51. 51. 51. 51. 51.
 51. 51. 51. 81. 51. 51. 51. 81. 51. 51. 51. 51. 51. 51. 51. 51. 51. 81.
 51. 51. 51. 51. 51. 51. 51. 51. 51. 51. 51. 51. 51. 81. 51. 51. 51. 51.
 51. 51. 51. 51. 51. 51. 51. 51. 51. 51. 51. 51. 51. 51. 51. 51. 51. 51.
 51. 51. 51. 81. 51. 51. 51. 51. 51. 51. 51. 51. 51. 51. 51. 51. 51. 51.
 51. 51. 51. 51. 51. 51. 51. 81. 51. 51. 51. 51. 51. 51. 51. 81. 51. 51.
 51. 51. 51. 81. 51. 51. 51. 51. 51. 51. 51. 51. 51. 51. 81. 51. 51. 51.
 51. 51. 51. 51. 81. 51. 51. 51. 51. 51. 51. 51. 51. 51. 51. 51. 51. 51.
 51. 51. 51. 51. 51. 51. 51. 51. 51. 51. 51. 51. 51. 51. 51. 51. 51. 51.
 51. 51. 51. 51. 51. 51. 81. 51. 51. 51. 51. 51. 51. 51. 51. 51. 51. 51.
 51. 51. 51. 51. 51. 51. 81. 51. 81. 81. 51. 51. 51. 51. 81. 51. 51. 51.
 51. 51. 51. 51. 51. 81. 51. 81. 51. 51. 51. 51. 51. 51. 51. 51. 51. 51.
 51. 51. 51. 51. 51. 51. 51. 51. 51. 51. 51. 51. 51. 51. 51. 51. 51. 51.
 51. 51. 51. 51. 51. 51. 51. 51. 51. 51. 51. 81. 51. 51. 51. 51. 51. 51.
 51. 51. 51. 51. 81. 51. 51. 51. 81. 51. 51. 51. 51. 51. 81. 51. 51. 51.
 51. 51. 51. 51. 51. 51. 81. 51. 51. 51. 51. 81. 51. 51. 51. 51. 51. 51.
 51. 51. 51. 51. 51. 51. 51. 51. 51. 51. 51. 51. 51. 81. 51. 51. 51. 51.
 51. 51. 51. 51. 51. 51. 51. 51. 51. 51. 51. 51. 51. 51. 51. 51. 51. 51.
 51. 51. 81. 51. 51. 51. 51. 51. 51. 51. 51. 51. 51. 51. 51. 51. 51. 51.
 51. 81. 81. 81. 51. 51. 51. 51. 51. 51. 51. 51. 51. 51. 51. 81. 51. 51.
 51. 51. 51. 51. 51. 51. 51. 51. 51. 51. 81. 51. 51. 51. 51. 51. 51. 51.
 51. 51. 51. 51. 51. 81. 51. 51. 51. 51. 51. 51. 51. 51. 51. 51. 51. 51.
 51. 51. 51. 51. 51. 51. 51. 51. 51. 51. 51. 51. 51. 51. 51. 51. 51. 51.
 51. 51. 51. 51. 51. 51. 51. 51. 51. 51. 51. 51. 51. 51. 51. 51. 51. 51.
 51. 51. 51. 81. 51. 51. 81. 51. 51. 81. 51. 51. 51. 51. 51. 51. 51. 51.
 51. 51. 51. 51. 51. 51. 51. 81. 51. 51. 51. 81. 51. 51. 51. 51. 51. 51.
 51. 81. 51. 81. 51. 51. 51. 51. 51. 81. 51. 51. 81. 51. 51. 51. 51. 51.
 51. 51. 51. 51. 51. 81. 51. 51. 81. 51. 51. 51. 81. 51. 51. 81. 51. 51.
 51. 51. 51. 51. 51. 51. 51. 51. 51. 51. 51. 51. 51. 51. 51. 81. 51. 51.
 51. 51. 81. 51. 51. 51. 81. 51. 51. 51. 51. 51. 81. 51. 51. 51. 51. 81.
 51. 51. 81. 51. 51. 51. 51. 51. 51. 51. 51. 51. 51. 51. 51. 51. 51. 51.
 51. 51. 51. 81. 51. 51. 81. 51. 81. 51. 51. 51. 81. 51. 51. 51. 51. 51.
 51. 51. 51. 51. 51. 51. 51. 51. 51. 81. 51. 51. 51. 51. 51. 51. 51. 51.
 51. 51. 51. 51. 51. 51. 51. 51. 51. 51. 51. 51. 51. 51. 51. 51. 51. 51.
 51. 51. 51. 51. 51. 51. 51. 51. 51. 51. 51. 51. 51. 51. 51. 51. 51. 51.
 51. 51. 51. 51. 51. 51. 51. 51. 51. 51. 51. 51. 81. 51. 51. 51. 51. 51.
 81. 51. 51. 51. 51. 51. 51. 51. 81. 51. 81. 51. 51. 51. 51. 51. 51. 51.
 81. 51. 51. 51. 51. 51. 51. 51. 51. 51. 51. 51. 51. 51. 51. 51. 51. 51.
 81. 51. 51. 51. 51. 51. 51. 51. 51. 51. 51. 51. 51. 51. 51. 81. 51. 81.
 51. 51. 51. 51. 51. 51. 51. 51. 51. 51. 51. 51. 51. 51. 81. 51. 51. 51.
 51. 51. 51. 51. 51. 51. 51. 51. 51. 51. 51. 51. 51. 51. 51. 51. 51. 51.
 51. 81. 51. 81. 51. 51. 51. 81. 51. 51. 51. 51.]",[0.89453125 0.10546875],0.0,0.0,0.0,0
2,equal-frequency,[20. 29. 81.],"[81. 81. 81. 29. 81. 81. 29. 29. 81. 81. 81. 81. 81. 81. 81. 81. 81. 81.
 81. 81. 29. 81. 81. 29. 81. 81. 81. 29. 81. 81. 81. 29. 29. 29. 81. 81.
 81. 81. 29. 81. 29. 81. 81. 81. 81. 29. 29. 29. 81. 29. 29. 29. 81. 81.
 81. 29. 81. 81. 81. 29. 29. 81. 81. 29. 81. 81. 81. 81. 29. 29. 29. 29.
 81. 29. 29. 29. 81. 29. 29. 29. 29. 29. 81. 29. 81. 29. 81. 29. 81. 29.
 29. 81. 81. 81. 29. 81. 29. 29. 29. 81. 81. 29. 29. 29. 29. 29. 29. 81.
 29. 29. 29. 81. 29. 29. 81. 81. 81. 29. 29. 29. 29. 29. 29. 81. 29. 29.
 81. 29. 81. 81. 81. 81. 81. 81. 29. 81. 29. 29. 29. 29. 81. 81. 29. 81.
 29. 29. 81. 81. 81. 29. 29. 81. 81. 29. 81. 81. 29. 29. 29. 81. 81. 81.
 29. 29. 81. 81. 29. 81. 29. 29. 81. 29. 29. 29. 81. 81. 81. 29. 81. 81.
 81. 29. 29. 29. 81. 81. 81. 81. 81. 29. 29. 81. 81. 81. 81. 29. 29. 29.
 29. 29. 29. 29. 81. 29. 81. 29. 81. 81. 29. 81. 29. 29. 81. 29. 81. 81.
 29. 81. 81. 81. 29. 81. 81. 81. 29. 29. 29. 29. 81. 29. 29. 81. 29. 29.
 29. 29. 81. 29. 81. 29. 29. 29. 29. 81. 29. 81. 81. 29. 81. 29. 81. 29.
 29. 29. 81. 29. 81. 29. 29. 81. 81. 29. 29. 81. 81. 81. 29. 29. 29. 29.
 81. 29. 81. 29. 81. 29. 29. 29. 81. 29. 29. 81. 81. 81. 81. 81. 81. 29.
 29. 81. 29. 29. 81. 29. 81. 29. 29. 29. 81. 81. 81. 29. 81. 29. 81. 29.
 81. 29. 29. 81. 81. 29. 29. 29. 81. 29. 81. 29. 29. 81. 81. 29. 81. 81.
 29. 29. 81. 81. 29. 81. 81. 29. 81. 81. 29. 29. 81. 81. 81. 81. 29. 81.
 29. 81. 81. 81. 29. 29. 29. 81. 29. 81. 81. 29. 29. 81. 29. 81. 81. 29.
 29. 81. 81. 81. 81. 81. 29. 29. 29. 81. 29. 29. 29. 29. 29. 81. 29. 29.
 81. 81. 29. 29. 29. 29. 29. 29. 81. 81. 81. 29. 81. 29. 29. 81. 81. 29.
 81. 29. 29. 29. 81. 81. 81. 81. 81. 29. 81. 29. 81. 29. 29. 29. 29. 29.
 29. 29. 29. 81. 29. 29. 29. 29. 29. 29. 81. 81. 29. 81. 29. 81. 29. 81.
 29. 29. 81. 29. 81. 29. 29. 81. 81. 29. 29. 81. 81. 29. 29. 29. 29. 29.
 29. 29. 29. 81. 29. 81. 81. 29. 81. 81. 81. 29. 81. 81. 81. 29. 29. 29.
 81. 29. 29. 29. 29. 81. 29. 81. 29. 81. 81. 81. 81. 29. 29. 29. 81. 29.
 29. 81. 29. 81. 29. 81. 81. 81. 29. 81. 81. 29. 81. 81. 29. 29. 81. 81.
 81. 81. 81. 29. 29. 81. 81. 29. 81. 29. 29. 29. 81. 81. 81. 81. 29. 29.
 29. 81. 29. 29. 29. 29. 29. 81. 29. 29. 29. 81. 29. 29. 81. 81. 29. 81.
 81. 29. 81. 29. 29. 81. 81. 29. 81. 81. 29. 29. 81. 29. 29. 81. 81. 81.
 81. 81. 81. 29. 29. 81. 29. 29. 29. 81. 81. 81. 81. 29. 29. 29. 29. 29.
 81. 29. 81. 81. 29. 29. 81. 81. 81. 29. 81. 29. 81. 29. 81. 29. 81. 29.
 81. 29. 81. 29. 81. 29. 29. 29. 81. 81. 81. 29. 29. 29. 29. 29. 29. 81.
 81. 29. 81. 29. 81. 29. 81. 29. 29. 29. 81. 29. 29. 29. 29. 29. 81. 29.
 81. 29. 29. 29. 81. 81. 81. 29. 81. 29. 29. 29. 81. 81. 29. 81. 81. 29.
 81. 29. 29. 29. 29. 29. 29. 29. 29. 81. 81. 29. 81. 29. 81. 81. 81. 29.
 81. 81. 81. 81. 81. 29. 81. 29. 81. 81. 81. 29. 29. 29. 29. 29. 29. 29.
 81. 29. 29. 29. 29. 81. 81. 81. 29. 81. 29. 81. 81. 29. 29. 29. 29. 81.
 81. 81. 29. 29. 81. 29. 81. 29. 29. 81. 81. 29. 81. 81. 81. 81. 29. 81.
 81. 29. 81. 81. 81. 81. 29. 29. 29. 29. 81. 29. 29. 29. 81. 29. 29. 81.
 29. 81. 81. 29. 29. 81. 81. 81. 29. 81. 81. 81. 29. 29. 29. 29. 81. 81.
 81. 81. 29. 81. 29. 81. 81. 81. 29. 81. 81. 29.]",[0.47786458 0.52213542],0.8859527460695498,0.637617383941037,0.024048429093634582,0
3,chi-merge,[20. 30. 82.],"[82. 82. 82. 30. 82. 30. 30. 30. 82. 82. 30. 82. 82. 82. 82. 82. 82. 82.
 82. 82. 30. 82. 82. 30. 82. 82. 82. 30. 82. 82. 82. 30. 30. 30. 82. 82.
 82. 82. 30. 82. 30. 82. 82. 82. 82. 30. 30. 30. 82. 30. 30. 30. 30. 82.
 82. 30. 82. 82. 82. 30. 30. 82. 82. 30. 82. 82. 82. 82. 30. 30. 30. 30.
 82. 30. 30. 30. 82. 30. 30. 30. 30. 30. 82. 30. 82. 30. 82. 30. 82. 30.
 30. 82. 82. 82. 30. 82. 30. 30. 30. 82. 82. 30. 30. 30. 30. 30. 30. 82.
 30. 30. 30. 82. 30. 30. 82. 82. 82. 30. 30. 30. 30. 30. 30. 82. 30. 30.
 30. 30. 82. 82. 82. 82. 30. 82. 30. 82. 30. 30. 30. 30. 82. 82. 30. 82.
 30. 30. 82. 82. 82. 30. 30. 82. 82. 30. 82. 82. 30. 30. 30. 82. 82. 82.
 30. 30. 82. 82. 30. 82. 30. 30. 82. 30. 30. 30. 82. 82. 82. 30. 82. 82.
 82. 30. 30. 30. 82. 82. 82. 82. 82. 30. 30. 82. 82. 82. 82. 30. 30. 30.
 30. 30. 30. 30. 82. 30. 82. 30. 82. 82. 30. 82. 30. 30. 82. 30. 82. 82.
 30. 82. 82. 82. 30. 82. 82. 82. 30. 30. 30. 30. 82. 30. 30. 82. 30. 30.
 30. 30. 82. 30. 82. 30. 30. 30. 30. 82. 30. 82. 82. 30. 82. 30. 82. 30.
 30. 30. 82. 30. 30. 30. 30. 82. 82. 30. 30. 82. 82. 82. 30. 30. 30. 30.
 82. 30. 82. 30. 82. 30. 30. 30. 82. 30. 30. 82. 82. 82. 82. 82. 82. 30.
 30. 82. 30. 30. 82. 30. 82. 30. 30. 30. 82. 82. 30. 30. 82. 30. 82. 30.
 82. 30. 30. 30. 82. 30. 30. 30. 82. 30. 30. 30. 30. 82. 82. 30. 82. 82.
 30. 30. 30. 82. 30. 82. 82. 30. 82. 82. 30. 30. 82. 82. 82. 82. 30. 82.
 30. 82. 82. 82. 30. 30. 30. 82. 30. 30. 82. 30. 30. 82. 30. 82. 82. 30.
 30. 82. 82. 82. 30. 30. 30. 30. 30. 82. 30. 30. 30. 30. 30. 82. 30. 30.
 82. 82. 30. 30. 30. 30. 30. 30. 82. 82. 82. 30. 82. 30. 30. 82. 82. 30.
 82. 30. 30. 30. 82. 82. 82. 82. 82. 30. 82. 30. 82. 30. 30. 30. 30. 30.
 30. 30. 30. 82. 30. 30. 30. 30. 30. 30. 82. 82. 30. 82. 30. 82. 30. 82.
 30. 30. 82. 30. 82. 30. 30. 82. 82. 30. 30. 82. 30. 30. 30. 30. 30. 30.
 30. 30. 30. 82. 30. 82. 82. 30. 82. 82. 82. 30. 82. 82. 82. 30. 30. 30.
 82. 30. 30. 30. 30. 82. 30. 82. 30. 82. 82. 82. 82. 30. 30. 30. 82. 30.
 30. 82. 30. 82. 30. 82. 82. 82. 30. 82. 30. 30. 82. 82. 30. 30. 82. 82.
 82. 82. 82. 30. 30. 82. 82. 30. 82. 30. 30. 30. 82. 82. 82. 82. 30. 30.
 30. 82. 30. 30. 30. 30. 30. 82. 30. 30. 30. 82. 30. 30. 82. 82. 30. 82.
 82. 30. 82. 30. 30. 82. 82. 30. 82. 82. 30. 30. 82. 30. 30. 82. 30. 82.
 82. 82. 82. 30. 30. 82. 30. 30. 30. 82. 82. 82. 82. 30. 30. 30. 30. 30.
 82. 30. 82. 82. 30. 30. 82. 82. 82. 30. 82. 30. 82. 30. 82. 30. 82. 30.
 82. 30. 82. 30. 82. 30. 30. 30. 30. 82. 82. 30. 30. 30. 30. 30. 30. 82.
 82. 30. 82. 30. 30. 30. 82. 30. 30. 30. 82. 30. 30. 30. 30. 30. 82. 30.
 82. 30. 30. 30. 82. 82. 82. 30. 82. 30. 30. 30. 82. 82. 30. 30. 82. 30.
 82. 30. 30. 30. 30. 30. 30. 30. 30. 82. 82. 30. 82. 30. 82. 82. 82. 30.
 82. 82. 82. 82. 82. 30. 82. 30. 82. 82. 82. 30. 30. 30. 30. 30. 30. 30.
 82. 30. 30. 30. 30. 82. 82. 82. 30. 82. 30. 82. 82. 30. 30. 30. 30. 82.
 82. 82. 30. 30. 30. 30. 82. 30. 30. 82. 82. 30. 82. 82. 82. 82. 30. 82.
 82. 30. 82. 82. 82. 82. 30. 30. 30. 30. 82. 30. 30. 30. 82. 30. 30. 82.
 30. 82. 82. 30. 30. 82. 82. 82. 30. 82. 82. 82. 30. 30. 30. 30. 82. 82.
 82. 82. 30. 82. 30. 82. 82. 82. 30. 30. 82. 30.]",[0.515625 0.484375],0.9440026886776116,0.6512617410719811,0.021135434188485402,0
4,kbins,[20. 51. 81.],"[51. 51. 51. 51. 51. 51. 51. 51. 81. 81. 51. 51. 81. 81. 51. 51. 51. 51.
 51. 51. 51. 51. 51. 51. 51. 51. 51. 51. 81. 51. 81. 51. 51. 51. 51. 51.
 51. 51. 51. 81. 51. 51. 51. 81. 51. 51. 51. 51. 51. 51. 51. 51. 51. 81.
 51. 51. 51. 51. 51. 51. 51. 51. 51. 51. 51. 51. 51. 81. 51. 51. 51. 51.
 51. 51. 51. 51. 51. 51. 51. 51. 51. 51. 51. 51. 51. 51. 51. 51. 51. 51.
 51. 51. 51. 81. 51. 51. 51. 51. 51. 51. 51. 51. 51. 51. 51. 51. 51. 51.
 51. 51. 51. 51. 51. 51. 51. 81. 51. 51. 51. 51. 51. 51. 51. 81. 51. 51.
 51. 51. 51. 81. 51. 51. 51. 51. 51. 51. 51. 51. 51. 51. 81. 51. 51. 51.
 51. 51. 51. 51. 81. 51. 51. 51. 51. 51. 51. 51. 51. 51. 51. 51. 51. 51.
 51. 51. 51. 51. 51. 51. 51. 51. 51. 51. 51. 51. 51. 51. 51. 51. 51. 51.
 51. 51. 51. 51. 51. 51. 81. 51. 51. 51. 51. 51. 51. 51. 51. 51. 51. 51.
 51. 51. 51. 51. 51. 51. 81. 51. 81. 81. 51. 51. 51. 51. 81. 51. 51. 51.
 51. 51. 51. 51. 51. 81. 51. 81. 51. 51. 51. 51. 51. 51. 51. 51. 51. 51.
 51. 51. 51. 51. 51. 51. 51. 51. 51. 51. 51. 51. 51. 51. 51. 51. 51. 51.
 51. 51. 51. 51. 51. 51. 51. 51. 51. 51. 51. 81. 51. 51. 51. 51. 51. 51.
 51. 51. 51. 51. 81. 51. 51. 51. 81. 51. 51. 51. 51. 51. 81. 51. 51. 51.
 51. 51. 51. 51. 51. 51. 81. 51. 51. 51. 51. 81. 51. 51. 51. 51. 51. 51.
 51. 51. 51. 51. 51. 51. 51. 51. 51. 51. 51. 51. 51. 81. 51. 51. 51. 51.
 51. 51. 51. 51. 51. 51. 51. 51. 51. 51. 51. 51. 51. 51. 51. 51. 51. 51.
 51. 51. 81. 51. 51. 51. 51. 51. 51. 51. 51. 51. 51. 51. 51. 51. 51. 51.
 51. 81. 81. 81. 51. 51. 51. 51. 51. 51. 51. 51. 51. 51. 51. 81. 51. 51.
 51. 51. 51. 51. 51. 51. 51. 51. 51. 51. 81. 51. 51. 51. 51. 51. 51. 51.
 51. 51. 51. 51. 51. 81. 51. 51. 51. 51. 51. 51. 51. 51. 51. 51. 51. 51.
 51. 51. 51. 51. 51. 51. 51. 51. 51. 51. 51. 51. 51. 51. 51. 51. 51. 51.
 51. 51. 51. 51. 51. 51. 51. 51. 51. 51. 51. 51. 51. 51. 51. 51. 51. 51.
 51. 51. 51. 81. 51. 51. 81. 51. 51. 81. 51. 51. 51. 51. 51. 51. 51. 51.
 51. 51. 51. 51. 51. 51. 51. 81. 51. 51. 51. 81. 51. 51. 51. 51. 51. 51.
 51. 81. 51. 81. 51. 51. 51. 51. 51. 81. 51. 51. 81. 51. 51. 51. 51. 51.
 51. 51. 51. 51. 51. 81. 51. 51. 81. 51. 51. 51. 81. 51. 51. 81. 51. 51.
 51. 51. 51. 51. 51. 51. 51. 51. 51. 51. 51. 51. 51. 51. 51. 81. 51. 51.
 51. 51. 81. 51. 51. 51. 81. 51. 51. 51. 51. 51. 81. 51. 51. 51. 51. 81.
 51. 51. 81. 51. 51. 51. 51. 51. 51. 51. 51. 51. 51. 51. 51. 51. 51. 51.
 51. 51. 51. 81. 51. 51. 81. 51. 81. 51. 51. 51. 81. 51. 51. 51. 51. 51.
 51. 51. 51. 51. 51. 51. 51. 51. 51. 81. 51. 51. 51. 51. 51. 51. 51. 51.
 51. 51. 51. 51. 51. 51. 51. 51. 51. 51. 51. 51. 51. 51. 51. 51. 51. 51.
 51. 51. 51. 51. 51. 51. 51. 51. 51. 51. 51. 51. 51. 51. 51. 51. 51. 51.
 51. 51. 51. 51. 51. 51. 51. 51. 51. 51. 51. 51. 81. 51. 51. 51. 51. 51.
 81. 51. 51. 51. 51. 51. 51. 51. 81. 51. 81. 51. 51. 51. 51. 51. 51. 51.
 81. 51. 51. 51. 51. 51. 51. 51. 51. 51. 51. 51. 51. 51. 51. 51. 51. 51.
 81. 51. 51. 51. 51. 51. 51. 51. 51. 51. 51. 51. 51. 51. 51. 81. 51. 81.
 51. 51. 51. 51. 51. 51. 51. 51. 51. 51. 51. 51. 51. 51. 81. 51. 51. 51.
 51. 51. 51. 51. 51. 51. 51. 51. 51. 51. 51. 51. 51. 51. 51. 51. 51. 51.
 51. 81. 51. 81. 51. 51. 51. 81. 51. 51. 51. 51.]",[0.89453125 0.10546875],0.0,0.0,0.0,0
5,kbins-quantile,[20. 29. 81.],"[81. 81. 81. 29. 81. 81. 29. 29. 81. 81. 81. 81. 81. 81. 81. 81. 81. 81.
 81. 81. 29. 81. 81. 29. 81. 81. 81. 29. 81. 81. 81. 29. 29. 29. 81. 81.
 81. 81. 29. 81. 29. 81. 81. 81. 81. 29. 29. 29. 81. 29. 29. 29. 81. 81.
 81. 29. 81. 81. 81. 29. 29. 81. 81. 29. 81. 81. 81. 81. 29. 29. 29. 29.
 81. 29. 29. 29. 81. 29. 29. 29. 29. 29. 81. 29. 81. 29. 81. 29. 81. 29.
 29. 81. 81. 81. 29. 81. 29. 29. 29. 81. 81. 29. 29. 29. 29. 29. 29. 81.
 29. 29. 29. 81. 29. 29. 81. 81. 81. 29. 29. 29. 29. 29. 29. 81. 29. 29.
 81. 29. 81. 81. 81. 81. 81. 81. 29. 81. 29. 29. 29. 29. 81. 81. 29. 81.
 29. 29. 81. 81. 81. 29. 29. 81. 81. 29. 81. 81. 29. 29. 29. 81. 81. 81.
 29. 29. 81. 81. 29. 81. 29. 29. 81. 29. 29. 29. 81. 81. 81. 29. 81. 81.
 81. 29. 29. 29. 81. 81. 81. 81. 81. 29. 29. 81. 81. 81. 81. 29. 29. 29.
 29. 29. 29. 29. 81. 29. 81. 29. 81. 81. 29. 81. 29. 29. 81. 29. 81. 81.
 29. 81. 81. 81. 29. 81. 81. 81. 29. 29. 29. 29. 81. 29. 29. 81. 29. 29.
 29. 29. 81. 29. 81. 29. 29. 29. 29. 81. 29. 81. 81. 29. 81. 29. 81. 29.
 29. 29. 81. 29. 81. 29. 29. 81. 81. 29. 29. 81. 81. 81. 29. 29. 29. 29.
 81. 29. 81. 29. 81. 29. 29. 29. 81. 29. 29. 81. 81. 81. 81. 81. 81. 29.
 29. 81. 29. 29. 81. 29. 81. 29. 29. 29. 81. 81. 81. 29. 81. 29. 81. 29.
 81. 29. 29. 81. 81. 29. 29. 29. 81. 29. 81. 29. 29. 81. 81. 29. 81. 81.
 29. 29. 81. 81. 29. 81. 81. 29. 81. 81. 29. 29. 81. 81. 81. 81. 29. 81.
 29. 81. 81. 81. 29. 29. 29. 81. 29. 81. 81. 29. 29. 81. 29. 81. 81. 29.
 29. 81. 81. 81. 81. 81. 29. 29. 29. 81. 29. 29. 29. 29. 29. 81. 29. 29.
 81. 81. 29. 29. 29. 29. 29. 29. 81. 81. 81. 29. 81. 29. 29. 81. 81. 29.
 81. 29. 29. 29. 81. 81. 81. 81. 81. 29. 81. 29. 81. 29. 29. 29. 29. 29.
 29. 29. 29. 81. 29. 29. 29. 29. 29. 29. 81. 81. 29. 81. 29. 81. 29. 81.
 29. 29. 81. 29. 81. 29. 29. 81. 81. 29. 29. 81. 81. 29. 29. 29. 29. 29.
 29. 29. 29. 81. 29. 81. 81. 29. 81. 81. 81. 29. 81. 81. 81. 29. 29. 29.
 81. 29. 29. 29. 29. 81. 29. 81. 29. 81. 81. 81. 81. 29. 29. 29. 81. 29.
 29. 81. 29. 81. 29. 81. 81. 81. 29. 81. 81. 29. 81. 81. 29. 29. 81. 81.
 81. 81. 81. 29. 29. 81. 81. 29. 81. 29. 29. 29. 81. 81. 81. 81. 29. 29.
 29. 81. 29. 29. 29. 29. 29. 81. 29. 29. 29. 81. 29. 29. 81. 81. 29. 81.
 81. 29. 81. 29. 29. 81. 81. 29. 81. 81. 29. 29. 81. 29. 29. 81. 81. 81.
 81. 81. 81. 29. 29. 81. 29. 29. 29. 81. 81. 81. 81. 29. 29. 29. 29. 29.
 81. 29. 81. 81. 29. 29. 81. 81. 81. 29. 81. 29. 81. 29. 81. 29. 81. 29.
 81. 29. 81. 29. 81. 29. 29. 29. 81. 81. 81. 29. 29. 29. 29. 29. 29. 81.
 81. 29. 81. 29. 81. 29. 81. 29. 29. 29. 81. 29. 29. 29. 29. 29. 81. 29.
 81. 29. 29. 29. 81. 81. 81. 29. 81. 29. 29. 29. 81. 81. 29. 81. 81. 29.
 81. 29. 29. 29. 29. 29. 29. 29. 29. 81. 81. 29. 81. 29. 81. 81. 81. 29.
 81. 81. 81. 81. 81. 29. 81. 29. 81. 81. 81. 29. 29. 29. 29. 29. 29. 29.
 81. 29. 29. 29. 29. 81. 81. 81. 29. 81. 29. 81. 81. 29. 29. 29. 29. 81.
 81. 81. 29. 29. 81. 29. 81. 29. 29. 81. 81. 29. 81. 81. 81. 81. 29. 81.
 81. 29. 81. 81. 81. 81. 29. 29. 29. 29. 81. 29. 29. 29. 81. 29. 29. 81.
 29. 81. 81. 29. 29. 81. 81. 81. 29. 81. 81. 81. 29. 29. 29. 29. 81. 81.
 81. 81. 29. 81. 29. 81. 81. 81. 29. 81. 81. 29.]",[0.47786458 0.52213542],0.8859527460695498,0.637617383941037,0.024048429093634582,0
6,decision-tree,[20.  28.5 82. ],"[82.  82.  82.  28.5 82.  82.  28.5 82.  82.  82.  82.  82.  82.  82.
 82.  82.  82.  82.  82.  82.  28.5 82.  82.  82.  82.  82.  82.  28.5
 82.  82.  82.  28.5 28.5 28.5 82.  82.  82.  82.  28.5 82.  28.5 82.
 82.  82.  82.  28.5 82.  28.5 82.  28.5 28.5 28.5 82.  82.  82.  28.5
 82.  82.  82.  28.5 28.5 82.  82.  28.5 82.  82.  82.  82.  28.5 28.5
 28.5 28.5 82.  28.5 28.5 28.5 82.  28.5 28.5 28.5 28.5 28.5 82.  28.5
 82.  28.5 82.  28.5 82.  28.5 28.5 82.  82.  82.  28.5 82.  28.5 28.5
 28.5 82.  82.  28.5 28.5 28.5 28.5 28.5 28.5 82.  28.5 28.5 28.5 82.
 28.5 28.5 82.  82.  82.  28.5 28.5 28.5 28.5 28.5 28.5 82.  28.5 28.5
 82.  28.5 82.  82.  82.  82.  82.  82.  28.5 82.  28.5 28.5 82.  28.5
 82.  82.  28.5 82.  28.5 28.5 82.  82.  82.  28.5 28.5 82.  82.  28.5
 82.  82.  28.5 28.5 28.5 82.  82.  82.  28.5 28.5 82.  82.  28.5 82.
 82.  82.  82.  82.  28.5 28.5 82.  82.  82.  28.5 82.  82.  82.  28.5
 28.5 28.5 82.  82.  82.  82.  82.  28.5 28.5 82.  82.  82.  82.  82.
 28.5 28.5 28.5 82.  28.5 28.5 82.  28.5 82.  28.5 82.  82.  28.5 82.
 28.5 28.5 82.  28.5 82.  82.  28.5 82.  82.  82.  28.5 82.  82.  82.
 28.5 28.5 28.5 28.5 82.  28.5 28.5 82.  28.5 82.  28.5 28.5 82.  28.5
 82.  28.5 28.5 28.5 28.5 82.  82.  82.  82.  28.5 82.  28.5 82.  28.5
 28.5 28.5 82.  28.5 82.  28.5 28.5 82.  82.  28.5 28.5 82.  82.  82.
 28.5 28.5 28.5 28.5 82.  28.5 82.  28.5 82.  28.5 82.  28.5 82.  28.5
 28.5 82.  82.  82.  82.  82.  82.  82.  28.5 82.  28.5 28.5 82.  28.5
 82.  28.5 82.  28.5 82.  82.  82.  28.5 82.  28.5 82.  82.  82.  28.5
 28.5 82.  82.  28.5 28.5 28.5 82.  28.5 82.  82.  28.5 82.  82.  28.5
 82.  82.  28.5 28.5 82.  82.  28.5 82.  82.  28.5 82.  82.  28.5 28.5
 82.  82.  82.  82.  28.5 82.  28.5 82.  82.  82.  28.5 28.5 28.5 82.
 82.  82.  82.  28.5 28.5 82.  28.5 82.  82.  82.  82.  82.  82.  82.
 82.  82.  82.  28.5 28.5 82.  28.5 28.5 28.5 28.5 28.5 82.  28.5 28.5
 82.  82.  28.5 28.5 28.5 28.5 28.5 28.5 82.  82.  82.  28.5 82.  28.5
 28.5 82.  82.  28.5 82.  28.5 28.5 28.5 82.  82.  82.  82.  82.  28.5
 82.  28.5 82.  28.5 28.5 28.5 28.5 28.5 28.5 28.5 28.5 82.  28.5 28.5
 28.5 28.5 28.5 28.5 82.  82.  28.5 82.  28.5 82.  28.5 82.  28.5 82.
 82.  82.  82.  28.5 28.5 82.  82.  28.5 28.5 82.  82.  28.5 28.5 28.5
 28.5 28.5 28.5 28.5 28.5 82.  28.5 82.  82.  28.5 82.  82.  82.  28.5
 82.  82.  82.  28.5 28.5 28.5 82.  28.5 28.5 28.5 28.5 82.  28.5 82.
 82.  82.  82.  82.  82.  82.  28.5 28.5 82.  28.5 28.5 82.  28.5 82.
 28.5 82.  82.  82.  28.5 82.  82.  28.5 82.  82.  28.5 28.5 82.  82.
 82.  82.  82.  28.5 28.5 82.  82.  28.5 82.  28.5 28.5 28.5 82.  82.
 82.  82.  28.5 28.5 28.5 82.  28.5 28.5 28.5 28.5 28.5 82.  28.5 28.5
 82.  82.  28.5 28.5 82.  82.  28.5 82.  82.  28.5 82.  28.5 82.  82.
 82.  28.5 82.  82.  28.5 28.5 82.  28.5 28.5 82.  82.  82.  82.  82.
 82.  28.5 28.5 82.  28.5 28.5 28.5 82.  82.  82.  82.  28.5 28.5 28.5
 28.5 28.5 82.  28.5 82.  82.  28.5 28.5 82.  82.  82.  28.5 82.  82.
 82.  28.5 82.  28.5 82.  28.5 82.  28.5 82.  28.5 82.  28.5 28.5 28.5
 82.  82.  82.  28.5 28.5 28.5 28.5 28.5 28.5 82.  82.  28.5 82.  28.5
 82.  28.5 82.  28.5 28.5 28.5 82.  28.5 28.5 82.  28.5 28.5 82.  28.5
 82.  28.5 28.5 28.5 82.  82.  82.  28.5 82.  28.5 28.5 28.5 82.  82.
 28.5 82.  82.  28.5 82.  28.5 28.5 28.5 28.5 28.5 28.5 28.5 28.5 82.
 82.  28.5 82.  28.5 82.  82.  82.  28.5 82.  82.  82.  82.  82.  28.5
 82.  28.5 82.  82.  82.  28.5 28.5 28.5 28.5 28.5 28.5 28.5 82.  28.5
 28.5 82.  28.5 82.  82.  82.  28.5 82.  28.5 82.  82.  28.5 28.5 28.5
 28.5 82.  82.  82.  28.5 28.5 82.  28.5 82.  28.5 28.5 82.  82.  28.5
 82.  82.  82.  82.  28.5 82.  82.  28.5 82.  82.  82.  82.  28.5 28.5
 28.5 28.5 82.  28.5 28.5 28.5 82.  28.5 28.5 82.  28.5 82.  82.  28.5
 28.5 82.  82.  82.  28.5 82.  82.  82.  28.5 28.5 28.5 28.5 82.  82.
 82.  82.  28.5 82.  28.5 82.  82.  82.  28.5 82.  82.  28.5]",[0.47786458 0.52213542],1.0,0.6032458536243839,0.021982070088330197,0
7,kmeans,[20.         26.60412758 82.        ],"[82.         82.         82.         26.60412758 82.         82.
 26.60412758 82.         82.         82.         82.         82.
 82.         82.         82.         82.         82.         82.
 82.         82.         82.         82.         82.         82.
 82.         82.         82.         26.60412758 82.         82.
 82.         82.         26.60412758 82.         82.         82.
 82.         82.         82.         82.         26.60412758 82.
 82.         82.         82.         26.60412758 82.         26.60412758
 82.         26.60412758 26.60412758 26.60412758 82.         82.
 82.         26.60412758 82.         82.         82.         26.60412758
 26.60412758 82.         82.         26.60412758 82.         82.
 82.         82.         26.60412758 82.         82.         26.60412758
 82.         26.60412758 26.60412758 26.60412758 82.         82.
 26.60412758 26.60412758 26.60412758 26.60412758 82.         26.60412758
 82.         82.         82.         26.60412758 82.         26.60412758
 26.60412758 82.         82.         82.         26.60412758 82.
 26.60412758 26.60412758 26.60412758 82.         82.         26.60412758
 26.60412758 26.60412758 82.         26.60412758 82.         82.
 26.60412758 26.60412758 26.60412758 82.         26.60412758 26.60412758
 82.         82.         82.         26.60412758 26.60412758 26.60412758
 26.60412758 26.60412758 26.60412758 82.         26.60412758 26.60412758
 82.         26.60412758 82.         82.         82.         82.
 82.         82.         26.60412758 82.         26.60412758 26.60412758
 82.         82.         82.         82.         26.60412758 82.
 26.60412758 26.60412758 82.         82.         82.         26.60412758
 26.60412758 82.         82.         26.60412758 82.         82.
 26.60412758 26.60412758 26.60412758 82.         82.         82.
 82.         26.60412758 82.         82.         26.60412758 82.
 82.         82.         82.         82.         26.60412758 26.60412758
 82.         82.         82.         26.60412758 82.         82.
 82.         26.60412758 26.60412758 82.         82.         82.
 82.         82.         82.         26.60412758 26.60412758 82.
 82.         82.         82.         82.         26.60412758 26.60412758
 26.60412758 82.         26.60412758 82.         82.         82.
 82.         82.         82.         82.         26.60412758 82.
 26.60412758 26.60412758 82.         26.60412758 82.         82.
 26.60412758 82.         82.         82.         26.60412758 82.
 82.         82.         26.60412758 26.60412758 26.60412758 26.60412758
 82.         26.60412758 26.60412758 82.         26.60412758 82.
 26.60412758 26.60412758 82.         26.60412758 82.         82.
 26.60412758 26.60412758 26.60412758 82.         82.         82.
 82.         26.60412758 82.         26.60412758 82.         82.
 26.60412758 26.60412758 82.         26.60412758 82.         26.60412758
 26.60412758 82.         82.         82.         26.60412758 82.
 82.         82.         26.60412758 26.60412758 26.60412758 82.
 82.         26.60412758 82.         26.60412758 82.         26.60412758
 82.         26.60412758 82.         26.60412758 82.         82.
 82.         82.         82.         82.         82.         82.
 26.60412758 82.         26.60412758 26.60412758 82.         26.60412758
 82.         82.         82.         26.60412758 82.         82.
 82.         26.60412758 82.         82.         82.         82.
 82.         26.60412758 26.60412758 82.         82.         26.60412758
 82.         26.60412758 82.         26.60412758 82.         82.
 82.         82.         82.         26.60412758 82.         82.
 26.60412758 26.60412758 82.         82.         26.60412758 82.
 82.         26.60412758 82.         82.         26.60412758 26.60412758
 82.         82.         82.         82.         26.60412758 82.
 26.60412758 82.         82.         82.         26.60412758 26.60412758
 26.60412758 82.         82.         82.         82.         26.60412758
 26.60412758 82.         82.         82.         82.         82.
 82.         82.         82.         82.         82.         82.
 82.         26.60412758 26.60412758 82.         26.60412758 26.60412758
 26.60412758 26.60412758 82.         82.         26.60412758 26.60412758
 82.         82.         26.60412758 26.60412758 26.60412758 26.60412758
 26.60412758 26.60412758 82.         82.         82.         82.
 82.         82.         26.60412758 82.         82.         26.60412758
 82.         26.60412758 26.60412758 26.60412758 82.         82.
 82.         82.         82.         26.60412758 82.         26.60412758
 82.         82.         82.         26.60412758 26.60412758 26.60412758
 26.60412758 26.60412758 26.60412758 82.         82.         82.
 26.60412758 26.60412758 26.60412758 26.60412758 82.         82.
 26.60412758 82.         26.60412758 82.         26.60412758 82.
 26.60412758 82.         82.         82.         82.         82.
 26.60412758 82.         82.         26.60412758 26.60412758 82.
 82.         26.60412758 82.         26.60412758 26.60412758 26.60412758
 26.60412758 26.60412758 26.60412758 82.         26.60412758 82.
 82.         26.60412758 82.         82.         82.         26.60412758
 82.         82.         82.         26.60412758 26.60412758 26.60412758
 82.         82.         82.         26.60412758 26.60412758 82.
 26.60412758 82.         82.         82.         82.         82.
 82.         82.         82.         26.60412758 82.         26.60412758
 26.60412758 82.         82.         82.         26.60412758 82.
 82.         82.         26.60412758 82.         82.         26.60412758
 82.         82.         26.60412758 82.         82.         82.
 82.         82.         82.         26.60412758 26.60412758 82.
 82.         26.60412758 82.         26.60412758 26.60412758 82.
 82.         82.         82.         82.         26.60412758 26.60412758
 26.60412758 82.         26.60412758 26.60412758 26.60412758 26.60412758
 26.60412758 82.         26.60412758 26.60412758 82.         82.
 26.60412758 26.60412758 82.         82.         26.60412758 82.
 82.         82.         82.         26.60412758 82.         82.
 82.         82.         82.         82.         26.60412758 26.60412758
 82.         26.60412758 82.         82.         82.         82.
 82.         82.         82.         82.         26.60412758 82.
 82.         26.60412758 26.60412758 82.         82.         82.
 82.         26.60412758 26.60412758 26.60412758 26.60412758 26.60412758
 82.         26.60412758 82.         82.         26.60412758 82.
 82.         82.         82.         26.60412758 82.         82.
 82.         26.60412758 82.         26.60412758 82.         26.60412758
 82.         26.60412758 82.         26.60412758 82.         26.60412758
 26.60412758 82.         82.         82.         82.         26.60412758
 26.60412758 26.60412758 82.         26.60412758 26.60412758 82.
 82.         26.60412758 82.         82.         82.         26.60412758
 82.         26.60412758 82.         82.         82.         26.60412758
 26.60412758 82.         26.60412758 26.60412758 82.         26.60412758
 82.         26.60412758 26.60412758 26.60412758 82.         82.
 82.         26.60412758 82.         82.         82.         26.60412758
 82.         82.         82.         82.         82.         26.60412758
 82.         26.60412758 26.60412758 82.         82.         82.
 26.60412758 26.60412758 26.60412758 82.         82.         82.
 82.         26.60412758 82.         82.         82.         26.60412758
 82.         82.         82.         82.         82.         26.60412758
 82.         26.60412758 82.         82.         82.         26.60412758
 26.60412758 26.60412758 26.60412758 26.60412758 26.60412758 82.
 82.         26.60412758 26.60412758 82.         26.60412758 82.
 82.         82.         26.60412758 82.         26.60412758 82.
 82.         26.60412758 82.         26.60412758 26.60412758 82.
 82.         82.         82.         82.         82.         26.60412758
 82.         26.60412758 26.60412758 82.         82.         26.60412758
 82.         82.         82.         82.         26.60412758 82.
 82.         26.60412758 82.         82.         82.         82.
 26.60412758 26.60412758 26.60412758 26.60412758 82.         26.60412758
 26.60412758 26.60412758 82.         82.         26.60412758 82.
 26.60412758 82.         82.         26.60412758 26.60412758 82.
 82.         82.         82.         82.         82.         82.
 26.60412758 82.         26.60412758 26.60412758 82.         82.
 82.         82.         26.60412758 82.         26.60412758 82.
 82.         82.         82.         82.         82.         26.60412758]",[0.390625 0.609375],0.8397276900370271,0.48409293391550867,0.02289145786777058,0
8,random-forest,[20.  24.5 28.  82. ],"[82.  82.  82.  24.5 82.  82.  28.  82.  82.  82.  82.  82.  82.  82.
 82.  82.  82.  82.  82.  82.  28.  82.  82.  82.  82.  82.  82.  24.5
 82.  82.  82.  28.  24.5 28.  82.  82.  82.  82.  28.  82.  28.  82.
 82.  82.  82.  28.  82.  24.5 82.  24.5 24.5 28.  82.  82.  82.  24.5
 82.  82.  82.  24.5 24.5 82.  82.  24.5 82.  82.  82.  82.  28.  28.
 28.  28.  82.  24.5 24.5 24.5 82.  28.  28.  24.5 24.5 24.5 82.  24.5
 82.  28.  82.  28.  82.  24.5 24.5 82.  82.  82.  24.5 82.  24.5 24.5
 24.5 82.  82.  24.5 24.5 24.5 28.  24.5 28.  82.  28.  24.5 24.5 82.
 24.5 28.  82.  82.  82.  28.  24.5 24.5 28.  24.5 24.5 82.  24.5 28.
 82.  24.5 82.  82.  82.  82.  82.  82.  28.  82.  24.5 24.5 82.  28.
 82.  82.  24.5 82.  24.5 24.5 82.  82.  82.  24.5 24.5 82.  82.  24.5
 82.  82.  24.5 24.5 24.5 82.  82.  82.  28.  24.5 82.  82.  24.5 82.
 82.  82.  82.  82.  28.  24.5 82.  82.  82.  28.  82.  82.  82.  24.5
 24.5 28.  82.  82.  82.  82.  82.  28.  24.5 82.  82.  82.  82.  82.
 24.5 24.5 28.  82.  24.5 28.  82.  28.  82.  28.  82.  82.  24.5 82.
 28.  24.5 82.  24.5 82.  82.  28.  82.  82.  82.  24.5 82.  82.  82.
 28.  24.5 28.  24.5 82.  24.5 24.5 82.  24.5 82.  24.5 28.  82.  24.5
 82.  28.  24.5 24.5 24.5 82.  82.  82.  82.  24.5 82.  24.5 82.  28.
 24.5 28.  82.  24.5 82.  28.  24.5 82.  82.  28.  24.5 82.  82.  82.
 28.  24.5 24.5 28.  82.  24.5 82.  24.5 82.  28.  82.  24.5 82.  24.5
 28.  82.  82.  82.  82.  82.  82.  82.  28.  82.  24.5 28.  82.  24.5
 82.  28.  82.  24.5 82.  82.  82.  28.  82.  28.  82.  82.  82.  24.5
 28.  82.  82.  24.5 28.  28.  82.  28.  82.  82.  28.  82.  82.  28.
 82.  82.  24.5 24.5 82.  82.  24.5 82.  82.  28.  82.  82.  24.5 28.
 82.  82.  82.  82.  24.5 82.  24.5 82.  82.  82.  24.5 24.5 28.  82.
 82.  82.  82.  24.5 24.5 82.  28.  82.  82.  82.  82.  82.  82.  82.
 82.  82.  82.  24.5 24.5 82.  28.  24.5 24.5 28.  28.  82.  24.5 24.5
 82.  82.  24.5 24.5 24.5 28.  28.  24.5 82.  82.  82.  28.  82.  28.
 24.5 82.  82.  28.  82.  24.5 28.  28.  82.  82.  82.  82.  82.  28.
 82.  28.  82.  28.  28.  28.  24.5 24.5 24.5 24.5 24.5 82.  28.  28.
 28.  24.5 24.5 24.5 82.  82.  28.  82.  28.  82.  24.5 82.  24.5 82.
 82.  82.  82.  28.  24.5 82.  82.  24.5 24.5 82.  82.  28.  28.  28.
 24.5 28.  24.5 24.5 28.  82.  24.5 82.  82.  24.5 82.  82.  82.  28.
 82.  82.  82.  24.5 24.5 28.  82.  28.  28.  24.5 24.5 82.  24.5 82.
 82.  82.  82.  82.  82.  82.  28.  24.5 82.  24.5 24.5 82.  28.  82.
 24.5 82.  82.  82.  24.5 82.  82.  28.  82.  82.  24.5 28.  82.  82.
 82.  82.  82.  24.5 24.5 82.  82.  24.5 82.  24.5 24.5 28.  82.  82.
 82.  82.  28.  28.  28.  82.  24.5 24.5 24.5 24.5 24.5 82.  24.5 24.5
 82.  82.  24.5 24.5 82.  82.  24.5 82.  82.  28.  82.  28.  82.  82.
 82.  28.  82.  82.  24.5 28.  82.  24.5 28.  82.  82.  82.  82.  82.
 82.  28.  24.5 82.  28.  24.5 24.5 82.  82.  82.  82.  24.5 24.5 24.5
 24.5 28.  82.  24.5 82.  82.  24.5 28.  82.  82.  82.  24.5 82.  82.
 82.  28.  82.  24.5 82.  28.  82.  24.5 82.  24.5 82.  28.  24.5 28.
 82.  82.  82.  24.5 24.5 28.  28.  24.5 24.5 82.  82.  28.  82.  28.
 82.  24.5 82.  24.5 28.  28.  82.  24.5 24.5 82.  24.5 24.5 82.  24.5
 82.  24.5 24.5 24.5 82.  82.  82.  24.5 82.  28.  28.  24.5 82.  82.
 28.  82.  82.  24.5 82.  24.5 24.5 28.  28.  28.  24.5 28.  24.5 82.
 82.  28.  82.  24.5 82.  82.  82.  24.5 82.  82.  82.  82.  82.  24.5
 82.  24.5 82.  82.  82.  28.  28.  24.5 24.5 28.  24.5 28.  82.  28.
 24.5 82.  24.5 82.  82.  82.  24.5 82.  28.  82.  82.  24.5 28.  28.
 28.  82.  82.  82.  28.  28.  82.  24.5 82.  24.5 24.5 82.  82.  24.5
 82.  82.  82.  82.  24.5 82.  82.  24.5 82.  82.  82.  82.  28.  24.5
 24.5 24.5 82.  24.5 24.5 24.5 82.  28.  24.5 82.  24.5 82.  82.  28.
 24.5 82.  82.  82.  28.  82.  82.  82.  24.5 28.  28.  28.  82.  82.
 82.  82.  28.  82.  24.5 82.  82.  82.  28.  82.  82.  24.5]",[0.28515625 0.14713542 0.56770833],0.5257226452301531,0.9773794836001156,0.11983412695869344,0
9,equal-width,[20. 41. 61. 81.],"[61. 41. 41. 41. 41. 41. 41. 41. 61. 61. 41. 41. 61. 61. 61. 41. 41. 41.
 41. 41. 41. 61. 41. 41. 61. 41. 61. 41. 61. 41. 61. 41. 41. 41. 61. 41.
 41. 61. 41. 61. 41. 41. 61. 61. 41. 41. 41. 41. 41. 41. 41. 41. 41. 61.
 61. 41. 41. 41. 61. 41. 41. 41. 41. 41. 61. 41. 41. 61. 41. 41. 41. 41.
 61. 41. 41. 41. 41. 41. 41. 41. 41. 41. 41. 41. 41. 41. 61. 41. 61. 41.
 41. 41. 61. 61. 41. 41. 41. 41. 41. 41. 41. 41. 41. 41. 41. 41. 41. 41.
 41. 41. 41. 61. 41. 41. 41. 61. 41. 41. 41. 41. 41. 41. 41. 81. 41. 41.
 41. 41. 41. 81. 41. 41. 41. 41. 41. 41. 41. 41. 41. 41. 61. 41. 41. 61.
 41. 41. 41. 41. 81. 41. 41. 41. 61. 41. 61. 41. 41. 41. 41. 61. 41. 61.
 41. 41. 41. 41. 41. 41. 41. 41. 41. 41. 41. 41. 41. 41. 61. 41. 61. 41.
 41. 41. 41. 41. 41. 41. 61. 41. 41. 41. 41. 41. 41. 41. 61. 41. 41. 41.
 41. 41. 41. 41. 41. 41. 61. 41. 61. 61. 41. 41. 41. 41. 61. 41. 41. 41.
 41. 41. 41. 41. 41. 81. 41. 61. 41. 41. 41. 41. 41. 41. 41. 61. 41. 41.
 41. 41. 61. 41. 41. 41. 41. 41. 41. 41. 41. 61. 41. 41. 41. 41. 61. 41.
 41. 41. 61. 41. 41. 41. 41. 61. 41. 41. 41. 81. 41. 61. 41. 41. 41. 41.
 41. 41. 41. 41. 61. 41. 41. 41. 61. 41. 41. 41. 41. 61. 61. 61. 41. 41.
 41. 41. 41. 41. 41. 41. 81. 41. 41. 41. 61. 61. 41. 41. 41. 41. 41. 41.
 61. 41. 41. 41. 41. 41. 41. 41. 61. 41. 41. 41. 41. 61. 41. 41. 41. 61.
 41. 41. 41. 41. 41. 41. 61. 41. 41. 61. 41. 41. 61. 61. 41. 41. 41. 41.
 41. 41. 61. 61. 41. 41. 41. 41. 41. 41. 61. 41. 41. 61. 41. 61. 61. 41.
 41. 81. 81. 81. 41. 41. 41. 41. 41. 61. 41. 41. 41. 41. 41. 61. 41. 41.
 41. 41. 41. 41. 41. 41. 41. 41. 41. 61. 61. 41. 61. 41. 41. 41. 41. 41.
 41. 41. 41. 41. 41. 61. 41. 41. 41. 41. 61. 41. 41. 41. 41. 41. 41. 41.
 41. 41. 41. 41. 41. 41. 41. 41. 41. 41. 41. 41. 41. 41. 41. 61. 41. 41.
 41. 41. 41. 41. 41. 41. 41. 41. 41. 41. 41. 41. 41. 41. 41. 41. 41. 41.
 41. 41. 41. 81. 41. 41. 81. 41. 61. 81. 61. 41. 41. 41. 41. 41. 41. 41.
 41. 41. 41. 41. 41. 61. 41. 61. 41. 41. 41. 81. 41. 41. 41. 41. 41. 41.
 41. 61. 41. 81. 41. 61. 41. 61. 41. 81. 41. 41. 61. 41. 41. 41. 41. 41.
 41. 41. 41. 41. 41. 81. 61. 41. 61. 41. 41. 41. 61. 61. 41. 61. 41. 41.
 41. 61. 41. 41. 41. 41. 41. 41. 41. 41. 41. 41. 41. 41. 61. 81. 41. 41.
 61. 41. 61. 41. 41. 41. 61. 41. 61. 41. 41. 41. 81. 41. 41. 41. 41. 61.
 61. 41. 61. 41. 41. 41. 41. 41. 41. 61. 41. 41. 41. 41. 41. 41. 41. 41.
 41. 41. 41. 81. 41. 41. 81. 61. 61. 41. 41. 41. 61. 41. 61. 41. 61. 41.
 41. 41. 61. 41. 41. 41. 41. 41. 41. 61. 41. 41. 41. 41. 41. 41. 41. 41.
 41. 41. 61. 41. 41. 41. 61. 41. 41. 41. 61. 41. 41. 41. 41. 41. 61. 41.
 41. 41. 41. 41. 41. 41. 61. 41. 41. 41. 41. 41. 61. 41. 41. 41. 41. 41.
 61. 41. 41. 41. 41. 41. 41. 41. 41. 41. 61. 41. 61. 41. 61. 41. 41. 41.
 81. 41. 61. 61. 61. 41. 61. 41. 81. 41. 61. 41. 41. 41. 41. 41. 41. 41.
 81. 41. 41. 41. 41. 61. 41. 61. 41. 61. 41. 61. 41. 41. 41. 41. 41. 61.
 61. 41. 41. 41. 41. 41. 61. 41. 41. 41. 41. 41. 41. 41. 41. 61. 41. 61.
 41. 41. 61. 61. 61. 41. 41. 41. 41. 41. 41. 41. 41. 41. 61. 41. 41. 61.
 41. 61. 61. 41. 41. 61. 41. 61. 41. 41. 41. 61. 41. 41. 41. 41. 61. 41.
 41. 61. 41. 81. 41. 61. 41. 81. 41. 41. 61. 41.]",[0.74739583 0.21744792 0.03515625],0.2016935524975568,0.6072535340476293,0.09100459710625608,0
10,equal-frequency,[20. 25. 36. 81.],"[81. 36. 36. 25. 36. 36. 36. 36. 81. 81. 36. 36. 81. 81. 81. 36. 36. 36.
 36. 36. 36. 81. 81. 36. 81. 81. 81. 25. 81. 81. 81. 36. 25. 36. 81. 36.
 36. 81. 36. 81. 36. 81. 81. 81. 81. 25. 36. 25. 36. 25. 25. 36. 36. 81.
 81. 25. 81. 36. 81. 25. 25. 81. 36. 25. 81. 36. 81. 81. 25. 36. 36. 36.
 81. 25. 25. 25. 81. 36. 36. 25. 25. 25. 36. 25. 81. 36. 81. 36. 81. 25.
 25. 36. 81. 81. 25. 81. 25. 25. 25. 36. 36. 25. 25. 25. 36. 25. 36. 81.
 25. 25. 25. 81. 25. 25. 81. 81. 81. 25. 25. 25. 25. 25. 25. 81. 25. 36.
 36. 25. 81. 81. 36. 36. 36. 81. 36. 36. 25. 25. 36. 36. 81. 81. 25. 81.
 25. 25. 81. 36. 81. 25. 25. 81. 81. 25. 81. 36. 25. 25. 25. 81. 36. 81.
 36. 25. 36. 81. 25. 36. 36. 36. 36. 36. 25. 25. 36. 36. 81. 36. 81. 81.
 36. 25. 25. 36. 81. 81. 81. 36. 36. 25. 25. 81. 36. 81. 81. 36. 25. 25.
 36. 36. 25. 36. 36. 36. 81. 36. 81. 81. 25. 81. 25. 25. 81. 25. 36. 81.
 25. 36. 36. 81. 25. 81. 81. 81. 36. 25. 36. 25. 36. 25. 25. 81. 25. 36.
 25. 36. 81. 25. 36. 36. 25. 25. 25. 36. 36. 81. 81. 25. 36. 25. 81. 36.
 25. 25. 81. 25. 36. 25. 25. 81. 36. 36. 25. 81. 36. 81. 25. 25. 25. 36.
 81. 25. 81. 25. 81. 25. 36. 25. 81. 25. 36. 81. 81. 81. 81. 81. 36. 36.
 36. 36. 25. 25. 36. 25. 81. 36. 36. 25. 81. 81. 36. 25. 36. 36. 81. 36.
 81. 25. 25. 36. 81. 25. 36. 25. 81. 36. 36. 36. 36. 81. 36. 25. 36. 81.
 25. 25. 36. 81. 25. 81. 81. 25. 81. 81. 25. 36. 81. 81. 36. 81. 25. 36.
 25. 36. 81. 81. 25. 25. 36. 81. 36. 36. 81. 25. 25. 81. 36. 81. 81. 36.
 36. 81. 81. 81. 36. 36. 36. 25. 25. 81. 25. 25. 25. 25. 36. 81. 25. 25.
 36. 36. 25. 25. 25. 25. 25. 25. 36. 81. 81. 36. 81. 36. 25. 81. 36. 25.
 81. 25. 25. 25. 36. 81. 36. 81. 81. 36. 81. 25. 81. 36. 36. 25. 25. 25.
 25. 25. 25. 81. 36. 36. 36. 25. 25. 25. 36. 36. 25. 81. 36. 81. 25. 81.
 25. 36. 36. 36. 81. 36. 25. 36. 81. 25. 25. 36. 36. 25. 36. 36. 25. 36.
 25. 25. 25. 81. 25. 81. 81. 25. 81. 81. 81. 36. 81. 81. 36. 25. 25. 25.
 81. 36. 36. 25. 25. 81. 25. 81. 36. 36. 81. 81. 36. 36. 36. 25. 36. 25.
 25. 81. 36. 81. 25. 81. 36. 81. 25. 81. 36. 25. 81. 81. 25. 36. 81. 81.
 81. 81. 36. 25. 25. 81. 81. 25. 81. 25. 25. 36. 81. 81. 81. 81. 25. 36.
 36. 81. 25. 25. 25. 25. 25. 36. 25. 25. 36. 36. 25. 25. 81. 81. 25. 36.
 81. 36. 81. 25. 36. 81. 81. 36. 81. 81. 25. 25. 81. 25. 36. 81. 36. 81.
 81. 36. 81. 36. 25. 36. 36. 25. 25. 81. 81. 36. 81. 25. 25. 25. 25. 25.
 36. 25. 36. 81. 25. 36. 81. 81. 81. 25. 81. 36. 81. 25. 81. 25. 81. 25.
 36. 25. 81. 25. 81. 36. 25. 36. 36. 81. 36. 25. 25. 25. 36. 25. 25. 36.
 81. 36. 81. 36. 36. 25. 81. 25. 36. 36. 81. 25. 25. 36. 25. 25. 81. 25.
 36. 25. 25. 25. 36. 81. 81. 25. 36. 36. 36. 25. 81. 36. 36. 36. 36. 25.
 81. 25. 25. 36. 36. 36. 25. 25. 25. 81. 81. 36. 81. 25. 81. 81. 81. 25.
 81. 81. 81. 81. 81. 25. 81. 25. 81. 36. 81. 25. 25. 25. 25. 36. 25. 36.
 81. 25. 25. 36. 25. 81. 36. 81. 25. 81. 25. 81. 36. 25. 36. 36. 36. 81.
 81. 81. 36. 36. 36. 25. 81. 25. 25. 81. 81. 25. 36. 36. 36. 81. 25. 81.
 36. 25. 81. 81. 81. 81. 25. 25. 25. 25. 36. 25. 25. 25. 81. 36. 25. 81.
 25. 81. 81. 36. 25. 81. 81. 81. 36. 36. 36. 81. 25. 36. 25. 36. 81. 81.
 81. 81. 36. 81. 25. 81. 36. 81. 36. 36. 81. 25.]",[0.28515625 0.36328125 0.3515625 ],0.4039718156270464,0.6675973529690197,0.12274610575201983,0
11,chi-merge,[20. 24. 30. 82.],"[82. 82. 82. 24. 82. 30. 30. 30. 82. 82. 30. 82. 82. 82. 82. 82. 82. 82.
 82. 82. 30. 82. 82. 30. 82. 82. 82. 24. 82. 82. 82. 30. 24. 30. 82. 82.
 82. 82. 30. 82. 30. 82. 82. 82. 82. 30. 30. 24. 82. 24. 24. 30. 30. 82.
 82. 24. 82. 82. 82. 24. 24. 82. 82. 24. 82. 82. 82. 82. 30. 30. 30. 30.
 82. 24. 24. 24. 82. 30. 30. 24. 24. 24. 82. 24. 82. 30. 82. 30. 82. 24.
 24. 82. 82. 82. 24. 82. 24. 24. 24. 82. 82. 24. 24. 24. 30. 24. 30. 82.
 30. 24. 24. 82. 24. 30. 82. 82. 82. 30. 24. 24. 30. 24. 24. 82. 24. 30.
 30. 24. 82. 82. 82. 82. 30. 82. 30. 82. 24. 24. 30. 30. 82. 82. 24. 82.
 24. 24. 82. 82. 82. 24. 24. 82. 82. 24. 82. 82. 24. 24. 24. 82. 82. 82.
 30. 24. 82. 82. 24. 82. 30. 30. 82. 30. 30. 24. 82. 82. 82. 30. 82. 82.
 82. 24. 24. 30. 82. 82. 82. 82. 82. 30. 24. 82. 82. 82. 82. 30. 24. 24.
 30. 30. 24. 30. 82. 30. 82. 30. 82. 82. 24. 82. 30. 24. 82. 24. 82. 82.
 30. 82. 82. 82. 24. 82. 82. 82. 30. 24. 30. 24. 82. 24. 24. 82. 24. 30.
 24. 30. 82. 24. 82. 30. 24. 24. 24. 82. 30. 82. 82. 24. 82. 24. 82. 30.
 24. 30. 82. 24. 30. 30. 24. 82. 82. 30. 24. 82. 82. 82. 30. 24. 24. 30.
 82. 24. 82. 24. 82. 30. 30. 24. 82. 24. 30. 82. 82. 82. 82. 82. 82. 30.
 30. 82. 24. 30. 82. 24. 82. 30. 30. 24. 82. 82. 30. 30. 82. 30. 82. 30.
 82. 24. 30. 30. 82. 24. 30. 30. 82. 30. 30. 30. 30. 82. 82. 30. 82. 82.
 24. 24. 30. 82. 24. 82. 82. 30. 82. 82. 24. 30. 82. 82. 82. 82. 24. 82.
 24. 82. 82. 82. 24. 24. 30. 82. 30. 30. 82. 24. 24. 82. 30. 82. 82. 30.
 30. 82. 82. 82. 30. 30. 30. 24. 24. 82. 30. 24. 24. 30. 30. 82. 24. 24.
 82. 82. 24. 24. 24. 30. 30. 24. 82. 82. 82. 30. 82. 30. 24. 82. 82. 30.
 82. 24. 30. 30. 82. 82. 82. 82. 82. 30. 82. 30. 82. 30. 30. 30. 24. 24.
 24. 24. 24. 82. 30. 30. 30. 24. 24. 24. 82. 82. 30. 82. 30. 82. 24. 82.
 24. 30. 82. 30. 82. 30. 24. 82. 82. 24. 24. 82. 30. 30. 30. 30. 24. 30.
 24. 24. 30. 82. 24. 82. 82. 24. 82. 82. 82. 30. 82. 82. 82. 24. 24. 30.
 82. 30. 30. 24. 24. 82. 24. 82. 30. 82. 82. 82. 82. 30. 30. 24. 82. 24.
 24. 82. 30. 82. 24. 82. 82. 82. 24. 82. 30. 30. 82. 82. 24. 30. 82. 82.
 82. 82. 82. 24. 24. 82. 82. 24. 82. 24. 24. 30. 82. 82. 82. 82. 30. 30.
 30. 82. 24. 24. 24. 24. 24. 82. 24. 24. 30. 82. 24. 24. 82. 82. 24. 82.
 82. 30. 82. 30. 30. 82. 82. 30. 82. 82. 24. 30. 82. 24. 30. 82. 30. 82.
 82. 82. 82. 30. 24. 82. 30. 24. 24. 82. 82. 82. 82. 24. 24. 24. 24. 30.
 82. 24. 82. 82. 24. 30. 82. 82. 82. 24. 82. 30. 82. 30. 82. 24. 82. 30.
 82. 24. 82. 24. 82. 30. 24. 30. 30. 82. 82. 24. 24. 30. 30. 24. 24. 82.
 82. 30. 82. 30. 30. 24. 82. 24. 30. 30. 82. 24. 24. 30. 24. 24. 82. 24.
 82. 24. 24. 24. 82. 82. 82. 24. 82. 30. 30. 24. 82. 82. 30. 30. 82. 24.
 82. 24. 24. 30. 30. 30. 24. 30. 24. 82. 82. 30. 82. 24. 82. 82. 82. 24.
 82. 82. 82. 82. 82. 24. 82. 24. 82. 82. 82. 30. 30. 24. 24. 30. 24. 30.
 82. 30. 24. 30. 24. 82. 82. 82. 24. 82. 30. 82. 82. 24. 30. 30. 30. 82.
 82. 82. 30. 30. 30. 24. 82. 24. 24. 82. 82. 24. 82. 82. 82. 82. 24. 82.
 82. 24. 82. 82. 82. 82. 30. 24. 24. 24. 82. 24. 24. 24. 82. 30. 24. 82.
 24. 82. 82. 30. 24. 82. 82. 82. 30. 82. 82. 82. 24. 30. 30. 30. 82. 82.
 82. 82. 30. 82. 24. 82. 82. 82. 30. 30. 82. 24.]",[0.22526042 0.29036458 0.484375  ],0.5346785554580141,0.8302039819635822,0.12067809650552508,0
12,kbins,[20. 41. 61. 81.],"[61. 41. 41. 41. 41. 41. 41. 41. 61. 61. 41. 41. 61. 61. 61. 41. 41. 41.
 41. 41. 41. 61. 41. 41. 61. 41. 61. 41. 61. 41. 61. 41. 41. 41. 61. 41.
 41. 61. 41. 61. 41. 41. 61. 61. 41. 41. 41. 41. 41. 41. 41. 41. 41. 61.
 61. 41. 41. 41. 61. 41. 41. 41. 41. 41. 61. 41. 41. 61. 41. 41. 41. 41.
 61. 41. 41. 41. 41. 41. 41. 41. 41. 41. 41. 41. 41. 41. 61. 41. 61. 41.
 41. 41. 61. 61. 41. 41. 41. 41. 41. 41. 41. 41. 41. 41. 41. 41. 41. 41.
 41. 41. 41. 61. 41. 41. 41. 61. 41. 41. 41. 41. 41. 41. 41. 81. 41. 41.
 41. 41. 41. 81. 41. 41. 41. 41. 41. 41. 41. 41. 41. 41. 61. 41. 41. 61.
 41. 41. 41. 41. 81. 41. 41. 41. 61. 41. 61. 41. 41. 41. 41. 61. 41. 61.
 41. 41. 41. 41. 41. 41. 41. 41. 41. 41. 41. 41. 41. 41. 61. 41. 61. 41.
 41. 41. 41. 41. 41. 41. 61. 41. 41. 41. 41. 41. 41. 41. 61. 41. 41. 41.
 41. 41. 41. 41. 41. 41. 61. 41. 61. 61. 41. 41. 41. 41. 61. 41. 41. 41.
 41. 41. 41. 41. 41. 81. 41. 61. 41. 41. 41. 41. 41. 41. 41. 61. 41. 41.
 41. 41. 61. 41. 41. 41. 41. 41. 41. 41. 41. 61. 41. 41. 41. 41. 61. 41.
 41. 41. 61. 41. 41. 41. 41. 61. 41. 41. 41. 81. 41. 61. 41. 41. 41. 41.
 41. 41. 41. 41. 61. 41. 41. 41. 61. 41. 41. 41. 41. 61. 61. 61. 41. 41.
 41. 41. 41. 41. 41. 41. 81. 41. 41. 41. 61. 61. 41. 41. 41. 41. 41. 41.
 61. 41. 41. 41. 41. 41. 41. 41. 61. 41. 41. 41. 41. 61. 41. 41. 41. 61.
 41. 41. 41. 41. 41. 41. 61. 41. 41. 61. 41. 41. 61. 61. 41. 41. 41. 41.
 41. 41. 61. 61. 41. 41. 41. 41. 41. 41. 61. 41. 41. 61. 41. 61. 61. 41.
 41. 81. 81. 81. 41. 41. 41. 41. 41. 61. 41. 41. 41. 41. 41. 61. 41. 41.
 41. 41. 41. 41. 41. 41. 41. 41. 41. 61. 61. 41. 61. 41. 41. 41. 41. 41.
 41. 41. 41. 41. 41. 61. 41. 41. 41. 41. 61. 41. 41. 41. 41. 41. 41. 41.
 41. 41. 41. 41. 41. 41. 41. 41. 41. 41. 41. 41. 41. 41. 41. 61. 41. 41.
 41. 41. 41. 41. 41. 41. 41. 41. 41. 41. 41. 41. 41. 41. 41. 41. 41. 41.
 41. 41. 41. 81. 41. 41. 81. 41. 61. 81. 61. 41. 41. 41. 41. 41. 41. 41.
 41. 41. 41. 41. 41. 61. 41. 61. 41. 41. 41. 81. 41. 41. 41. 41. 41. 41.
 41. 61. 41. 81. 41. 61. 41. 61. 41. 81. 41. 41. 61. 41. 41. 41. 41. 41.
 41. 41. 41. 41. 41. 81. 61. 41. 61. 41. 41. 41. 61. 61. 41. 61. 41. 41.
 41. 61. 41. 41. 41. 41. 41. 41. 41. 41. 41. 41. 41. 41. 61. 81. 41. 41.
 61. 41. 61. 41. 41. 41. 61. 41. 61. 41. 41. 41. 81. 41. 41. 41. 41. 61.
 61. 41. 61. 41. 41. 41. 41. 41. 41. 61. 41. 41. 41. 41. 41. 41. 41. 41.
 41. 41. 41. 81. 41. 41. 81. 61. 61. 41. 41. 41. 61. 41. 61. 41. 61. 41.
 41. 41. 61. 41. 41. 41. 41. 41. 41. 61. 41. 41. 41. 41. 41. 41. 41. 41.
 41. 41. 61. 41. 41. 41. 61. 41. 41. 41. 61. 41. 41. 41. 41. 41. 61. 41.
 41. 41. 41. 41. 41. 41. 61. 41. 41. 41. 41. 41. 61. 41. 41. 41. 41. 41.
 61. 41. 41. 41. 41. 41. 41. 41. 41. 41. 61. 41. 61. 41. 61. 41. 41. 41.
 81. 41. 61. 61. 61. 41. 61. 41. 81. 41. 61. 41. 41. 41. 41. 41. 41. 41.
 81. 41. 41. 41. 41. 61. 41. 61. 41. 61. 41. 61. 41. 41. 41. 41. 41. 61.
 61. 41. 41. 41. 41. 41. 61. 41. 41. 41. 41. 41. 41. 41. 41. 61. 41. 61.
 41. 41. 61. 61. 61. 41. 41. 41. 41. 41. 41. 41. 41. 41. 61. 41. 41. 61.
 41. 61. 61. 41. 41. 61. 41. 61. 41. 41. 41. 61. 41. 41. 41. 41. 61. 41.
 41. 61. 41. 81. 41. 61. 41. 81. 41. 41. 61. 41.]",[0.74739583 0.21744792 0.03515625],0.2016935524975568,0.6072535340476293,0.09100459710625608,0
13,kbins-quantile,[20. 25. 36. 81.],"[81. 36. 36. 25. 36. 36. 36. 36. 81. 81. 36. 36. 81. 81. 81. 36. 36. 36.
 36. 36. 36. 81. 81. 36. 81. 81. 81. 25. 81. 81. 81. 36. 25. 36. 81. 36.
 36. 81. 36. 81. 36. 81. 81. 81. 81. 25. 36. 25. 36. 25. 25. 36. 36. 81.
 81. 25. 81. 36. 81. 25. 25. 81. 36. 25. 81. 36. 81. 81. 25. 36. 36. 36.
 81. 25. 25. 25. 81. 36. 36. 25. 25. 25. 36. 25. 81. 36. 81. 36. 81. 25.
 25. 36. 81. 81. 25. 81. 25. 25. 25. 36. 36. 25. 25. 25. 36. 25. 36. 81.
 25. 25. 25. 81. 25. 25. 81. 81. 81. 25. 25. 25. 25. 25. 25. 81. 25. 36.
 36. 25. 81. 81. 36. 36. 36. 81. 36. 36. 25. 25. 36. 36. 81. 81. 25. 81.
 25. 25. 81. 36. 81. 25. 25. 81. 81. 25. 81. 36. 25. 25. 25. 81. 36. 81.
 36. 25. 36. 81. 25. 36. 36. 36. 36. 36. 25. 25. 36. 36. 81. 36. 81. 81.
 36. 25. 25. 36. 81. 81. 81. 36. 36. 25. 25. 81. 36. 81. 81. 36. 25. 25.
 36. 36. 25. 36. 36. 36. 81. 36. 81. 81. 25. 81. 25. 25. 81. 25. 36. 81.
 25. 36. 36. 81. 25. 81. 81. 81. 36. 25. 36. 25. 36. 25. 25. 81. 25. 36.
 25. 36. 81. 25. 36. 36. 25. 25. 25. 36. 36. 81. 81. 25. 36. 25. 81. 36.
 25. 25. 81. 25. 36. 25. 25. 81. 36. 36. 25. 81. 36. 81. 25. 25. 25. 36.
 81. 25. 81. 25. 81. 25. 36. 25. 81. 25. 36. 81. 81. 81. 81. 81. 36. 36.
 36. 36. 25. 25. 36. 25. 81. 36. 36. 25. 81. 81. 36. 25. 36. 36. 81. 36.
 81. 25. 25. 36. 81. 25. 36. 25. 81. 36. 36. 36. 36. 81. 36. 25. 36. 81.
 25. 25. 36. 81. 25. 81. 81. 25. 81. 81. 25. 36. 81. 81. 36. 81. 25. 36.
 25. 36. 81. 81. 25. 25. 36. 81. 36. 36. 81. 25. 25. 81. 36. 81. 81. 36.
 36. 81. 81. 81. 36. 36. 36. 25. 25. 81. 25. 25. 25. 25. 36. 81. 25. 25.
 36. 36. 25. 25. 25. 25. 25. 25. 36. 81. 81. 36. 81. 36. 25. 81. 36. 25.
 81. 25. 25. 25. 36. 81. 36. 81. 81. 36. 81. 25. 81. 36. 36. 25. 25. 25.
 25. 25. 25. 81. 36. 36. 36. 25. 25. 25. 36. 36. 25. 81. 36. 81. 25. 81.
 25. 36. 36. 36. 81. 36. 25. 36. 81. 25. 25. 36. 36. 25. 36. 36. 25. 36.
 25. 25. 25. 81. 25. 81. 81. 25. 81. 81. 81. 36. 81. 81. 36. 25. 25. 25.
 81. 36. 36. 25. 25. 81. 25. 81. 36. 36. 81. 81. 36. 36. 36. 25. 36. 25.
 25. 81. 36. 81. 25. 81. 36. 81. 25. 81. 36. 25. 81. 81. 25. 36. 81. 81.
 81. 81. 36. 25. 25. 81. 81. 25. 81. 25. 25. 36. 81. 81. 81. 81. 25. 36.
 36. 81. 25. 25. 25. 25. 25. 36. 25. 25. 36. 36. 25. 25. 81. 81. 25. 36.
 81. 36. 81. 25. 36. 81. 81. 36. 81. 81. 25. 25. 81. 25. 36. 81. 36. 81.
 81. 36. 81. 36. 25. 36. 36. 25. 25. 81. 81. 36. 81. 25. 25. 25. 25. 25.
 36. 25. 36. 81. 25. 36. 81. 81. 81. 25. 81. 36. 81. 25. 81. 25. 81. 25.
 36. 25. 81. 25. 81. 36. 25. 36. 36. 81. 36. 25. 25. 25. 36. 25. 25. 36.
 81. 36. 81. 36. 36. 25. 81. 25. 36. 36. 81. 25. 25. 36. 25. 25. 81. 25.
 36. 25. 25. 25. 36. 81. 81. 25. 36. 36. 36. 25. 81. 36. 36. 36. 36. 25.
 81. 25. 25. 36. 36. 36. 25. 25. 25. 81. 81. 36. 81. 25. 81. 81. 81. 25.
 81. 81. 81. 81. 81. 25. 81. 25. 81. 36. 81. 25. 25. 25. 25. 36. 25. 36.
 81. 25. 25. 36. 25. 81. 36. 81. 25. 81. 25. 81. 36. 25. 36. 36. 36. 81.
 81. 81. 36. 36. 36. 25. 81. 25. 25. 81. 81. 25. 36. 36. 36. 81. 25. 81.
 36. 25. 81. 81. 81. 81. 25. 25. 25. 25. 36. 25. 25. 25. 81. 36. 25. 81.
 25. 81. 81. 36. 25. 81. 81. 81. 36. 36. 36. 81. 25. 36. 25. 36. 81. 81.
 81. 81. 36. 81. 25. 81. 36. 81. 36. 36. 81. 25.]",[0.28515625 0.36328125 0.3515625 ],0.4039718156270464,0.6675973529690197,0.12274610575201983,0
14,decision-tree,[20.  28.5 62.5 82. ],"[62.5 62.5 62.5 28.5 62.5 62.5 28.5 62.5 62.5 62.5 62.5 62.5 62.5 62.5
 62.5 62.5 62.5 62.5 62.5 62.5 28.5 62.5 62.5 62.5 62.5 62.5 62.5 28.5
 62.5 62.5 62.5 28.5 28.5 28.5 62.5 62.5 62.5 62.5 28.5 62.5 28.5 62.5
 62.5 62.5 62.5 28.5 62.5 28.5 62.5 28.5 28.5 28.5 62.5 62.5 62.5 28.5
 62.5 62.5 62.5 28.5 28.5 62.5 62.5 28.5 62.5 62.5 62.5 62.5 28.5 28.5
 28.5 28.5 62.5 28.5 28.5 28.5 62.5 28.5 28.5 28.5 28.5 28.5 62.5 28.5
 62.5 28.5 62.5 28.5 62.5 28.5 28.5 62.5 62.5 62.5 28.5 62.5 28.5 28.5
 28.5 62.5 62.5 28.5 28.5 28.5 28.5 28.5 28.5 62.5 28.5 28.5 28.5 62.5
 28.5 28.5 62.5 62.5 62.5 28.5 28.5 28.5 28.5 28.5 28.5 82.  28.5 28.5
 62.5 28.5 62.5 62.5 62.5 62.5 62.5 62.5 28.5 62.5 28.5 28.5 62.5 28.5
 62.5 62.5 28.5 62.5 28.5 28.5 62.5 62.5 82.  28.5 28.5 62.5 62.5 28.5
 62.5 62.5 28.5 28.5 28.5 62.5 62.5 62.5 28.5 28.5 62.5 62.5 28.5 62.5
 62.5 62.5 62.5 62.5 28.5 28.5 62.5 62.5 62.5 28.5 62.5 62.5 62.5 28.5
 28.5 28.5 62.5 62.5 62.5 62.5 62.5 28.5 28.5 62.5 62.5 62.5 62.5 62.5
 28.5 28.5 28.5 62.5 28.5 28.5 62.5 28.5 62.5 28.5 62.5 62.5 28.5 62.5
 28.5 28.5 62.5 28.5 62.5 62.5 28.5 62.5 62.5 62.5 28.5 82.  62.5 62.5
 28.5 28.5 28.5 28.5 62.5 28.5 28.5 62.5 28.5 62.5 28.5 28.5 62.5 28.5
 62.5 28.5 28.5 28.5 28.5 62.5 62.5 62.5 62.5 28.5 62.5 28.5 62.5 28.5
 28.5 28.5 62.5 28.5 62.5 28.5 28.5 62.5 62.5 28.5 28.5 82.  62.5 62.5
 28.5 28.5 28.5 28.5 62.5 28.5 62.5 28.5 62.5 28.5 62.5 28.5 62.5 28.5
 28.5 62.5 62.5 62.5 62.5 62.5 62.5 62.5 28.5 62.5 28.5 28.5 62.5 28.5
 82.  28.5 62.5 28.5 62.5 62.5 62.5 28.5 62.5 28.5 62.5 62.5 62.5 28.5
 28.5 62.5 62.5 28.5 28.5 28.5 62.5 28.5 62.5 62.5 28.5 62.5 62.5 28.5
 62.5 62.5 28.5 28.5 62.5 62.5 28.5 62.5 62.5 28.5 62.5 62.5 28.5 28.5
 62.5 62.5 62.5 62.5 28.5 62.5 28.5 62.5 62.5 62.5 28.5 28.5 28.5 62.5
 62.5 62.5 62.5 28.5 28.5 62.5 28.5 62.5 62.5 62.5 62.5 82.  82.  82.
 62.5 62.5 62.5 28.5 28.5 62.5 28.5 28.5 28.5 28.5 28.5 62.5 28.5 28.5
 62.5 62.5 28.5 28.5 28.5 28.5 28.5 28.5 62.5 62.5 62.5 28.5 62.5 28.5
 28.5 62.5 62.5 28.5 62.5 28.5 28.5 28.5 62.5 62.5 62.5 62.5 62.5 28.5
 62.5 28.5 62.5 28.5 28.5 28.5 28.5 28.5 28.5 28.5 28.5 62.5 28.5 28.5
 28.5 28.5 28.5 28.5 62.5 62.5 28.5 62.5 28.5 62.5 28.5 62.5 28.5 62.5
 62.5 62.5 62.5 28.5 28.5 62.5 62.5 28.5 28.5 62.5 62.5 28.5 28.5 28.5
 28.5 28.5 28.5 28.5 28.5 82.  28.5 62.5 62.5 28.5 62.5 82.  62.5 28.5
 62.5 62.5 62.5 28.5 28.5 28.5 62.5 28.5 28.5 28.5 28.5 62.5 28.5 62.5
 62.5 62.5 62.5 82.  62.5 62.5 28.5 28.5 62.5 28.5 28.5 62.5 28.5 82.
 28.5 62.5 62.5 62.5 28.5 82.  62.5 28.5 62.5 62.5 28.5 28.5 62.5 62.5
 62.5 62.5 62.5 28.5 28.5 82.  62.5 28.5 62.5 28.5 28.5 28.5 62.5 62.5
 62.5 62.5 28.5 28.5 28.5 62.5 28.5 28.5 28.5 28.5 28.5 62.5 28.5 28.5
 62.5 62.5 28.5 28.5 62.5 82.  28.5 62.5 62.5 28.5 62.5 28.5 62.5 62.5
 62.5 28.5 62.5 62.5 28.5 28.5 82.  28.5 28.5 62.5 62.5 62.5 62.5 62.5
 62.5 28.5 28.5 62.5 28.5 28.5 28.5 62.5 62.5 62.5 62.5 28.5 28.5 28.5
 28.5 28.5 62.5 28.5 62.5 62.5 28.5 28.5 62.5 62.5 62.5 28.5 62.5 62.5
 62.5 28.5 62.5 28.5 62.5 28.5 62.5 28.5 62.5 28.5 62.5 28.5 28.5 28.5
 62.5 62.5 62.5 28.5 28.5 28.5 28.5 28.5 28.5 62.5 62.5 28.5 62.5 28.5
 62.5 28.5 62.5 28.5 28.5 28.5 62.5 28.5 28.5 62.5 28.5 28.5 62.5 28.5
 62.5 28.5 28.5 28.5 62.5 62.5 62.5 28.5 62.5 28.5 28.5 28.5 62.5 62.5
 28.5 62.5 62.5 28.5 62.5 28.5 28.5 28.5 28.5 28.5 28.5 28.5 28.5 62.5
 62.5 28.5 62.5 28.5 62.5 62.5 62.5 28.5 82.  62.5 62.5 62.5 62.5 28.5
 62.5 28.5 82.  62.5 62.5 28.5 28.5 28.5 28.5 28.5 28.5 28.5 82.  28.5
 28.5 62.5 28.5 62.5 62.5 62.5 28.5 62.5 28.5 62.5 62.5 28.5 28.5 28.5
 28.5 62.5 62.5 62.5 28.5 28.5 62.5 28.5 62.5 28.5 28.5 62.5 62.5 28.5
 62.5 62.5 62.5 62.5 28.5 62.5 62.5 28.5 62.5 62.5 62.5 62.5 28.5 28.5
 28.5 28.5 62.5 28.5 28.5 28.5 62.5 28.5 28.5 62.5 28.5 62.5 62.5 28.5
 28.5 62.5 62.5 62.5 28.5 62.5 62.5 62.5 28.5 28.5 28.5 28.5 62.5 62.5
 62.5 62.5 28.5 82.  28.5 62.5 62.5 82.  28.5 62.5 62.5 28.5]",[0.47786458 0.49479167 0.02734375],0.5446189259901737,0.8395852290762638,0.09847434032863,0
15,kmeans,[20.         25.19474836 39.75115207 82.        ],"[82.         39.75115207 39.75115207 25.19474836 39.75115207 39.75115207
 39.75115207 39.75115207 82.         82.         39.75115207 39.75115207
 82.         82.         82.         39.75115207 39.75115207 39.75115207
 39.75115207 39.75115207 39.75115207 82.         82.         39.75115207
 82.         82.         82.         25.19474836 82.         39.75115207
 82.         39.75115207 25.19474836 39.75115207 82.         39.75115207
 39.75115207 82.         39.75115207 82.         39.75115207 39.75115207
 82.         82.         82.         25.19474836 39.75115207 25.19474836
 39.75115207 25.19474836 25.19474836 39.75115207 39.75115207 82.
 82.         25.19474836 82.         39.75115207 82.         25.19474836
 25.19474836 39.75115207 39.75115207 25.19474836 82.         39.75115207
 39.75115207 82.         25.19474836 39.75115207 39.75115207 39.75115207
 82.         25.19474836 25.19474836 25.19474836 82.         39.75115207
 39.75115207 25.19474836 25.19474836 25.19474836 39.75115207 25.19474836
 39.75115207 39.75115207 82.         39.75115207 82.         25.19474836
 25.19474836 39.75115207 82.         82.         25.19474836 82.
 25.19474836 25.19474836 25.19474836 39.75115207 39.75115207 25.19474836
 25.19474836 25.19474836 39.75115207 25.19474836 39.75115207 39.75115207
 25.19474836 25.19474836 25.19474836 82.         25.19474836 25.19474836
 39.75115207 82.         39.75115207 25.19474836 25.19474836 25.19474836
 25.19474836 25.19474836 25.19474836 82.         25.19474836 39.75115207
 39.75115207 25.19474836 82.         82.         39.75115207 39.75115207
 39.75115207 39.75115207 39.75115207 39.75115207 25.19474836 25.19474836
 39.75115207 39.75115207 82.         39.75115207 25.19474836 82.
 25.19474836 25.19474836 82.         39.75115207 82.         25.19474836
 25.19474836 39.75115207 82.         25.19474836 82.         39.75115207
 25.19474836 25.19474836 25.19474836 82.         39.75115207 82.
 39.75115207 25.19474836 39.75115207 82.         25.19474836 39.75115207
 39.75115207 39.75115207 39.75115207 39.75115207 25.19474836 25.19474836
 39.75115207 39.75115207 82.         39.75115207 82.         39.75115207
 39.75115207 25.19474836 25.19474836 39.75115207 82.         82.
 82.         39.75115207 39.75115207 25.19474836 25.19474836 82.
 39.75115207 82.         82.         39.75115207 25.19474836 25.19474836
 39.75115207 39.75115207 25.19474836 39.75115207 39.75115207 39.75115207
 82.         39.75115207 82.         82.         25.19474836 82.
 25.19474836 25.19474836 82.         25.19474836 39.75115207 39.75115207
 25.19474836 39.75115207 39.75115207 82.         25.19474836 82.
 39.75115207 82.         39.75115207 25.19474836 39.75115207 25.19474836
 39.75115207 25.19474836 25.19474836 82.         25.19474836 39.75115207
 25.19474836 39.75115207 82.         25.19474836 39.75115207 39.75115207
 25.19474836 25.19474836 25.19474836 39.75115207 39.75115207 82.
 82.         25.19474836 39.75115207 25.19474836 82.         39.75115207
 25.19474836 25.19474836 82.         25.19474836 39.75115207 25.19474836
 25.19474836 82.         39.75115207 39.75115207 25.19474836 82.
 39.75115207 82.         25.19474836 25.19474836 25.19474836 39.75115207
 39.75115207 25.19474836 82.         25.19474836 82.         25.19474836
 39.75115207 25.19474836 82.         25.19474836 39.75115207 39.75115207
 39.75115207 82.         82.         82.         39.75115207 39.75115207
 39.75115207 39.75115207 25.19474836 25.19474836 39.75115207 25.19474836
 82.         39.75115207 39.75115207 25.19474836 82.         82.
 39.75115207 25.19474836 39.75115207 39.75115207 39.75115207 39.75115207
 82.         25.19474836 25.19474836 39.75115207 82.         25.19474836
 39.75115207 25.19474836 82.         39.75115207 39.75115207 39.75115207
 39.75115207 82.         39.75115207 25.19474836 39.75115207 82.
 25.19474836 25.19474836 39.75115207 39.75115207 25.19474836 39.75115207
 82.         25.19474836 82.         82.         25.19474836 39.75115207
 82.         82.         39.75115207 82.         25.19474836 39.75115207
 25.19474836 39.75115207 82.         82.         25.19474836 25.19474836
 39.75115207 39.75115207 39.75115207 39.75115207 82.         25.19474836
 25.19474836 82.         39.75115207 82.         82.         39.75115207
 39.75115207 82.         82.         82.         39.75115207 39.75115207
 39.75115207 25.19474836 25.19474836 82.         25.19474836 25.19474836
 25.19474836 25.19474836 39.75115207 82.         25.19474836 25.19474836
 39.75115207 39.75115207 25.19474836 25.19474836 25.19474836 25.19474836
 25.19474836 25.19474836 39.75115207 82.         82.         39.75115207
 82.         39.75115207 25.19474836 39.75115207 39.75115207 25.19474836
 39.75115207 25.19474836 25.19474836 25.19474836 39.75115207 82.
 39.75115207 39.75115207 82.         39.75115207 82.         25.19474836
 39.75115207 39.75115207 39.75115207 25.19474836 25.19474836 25.19474836
 25.19474836 25.19474836 25.19474836 39.75115207 39.75115207 39.75115207
 39.75115207 25.19474836 25.19474836 25.19474836 39.75115207 39.75115207
 25.19474836 39.75115207 39.75115207 82.         25.19474836 39.75115207
 25.19474836 39.75115207 39.75115207 39.75115207 82.         39.75115207
 25.19474836 39.75115207 82.         25.19474836 25.19474836 39.75115207
 39.75115207 25.19474836 39.75115207 39.75115207 25.19474836 39.75115207
 25.19474836 25.19474836 25.19474836 82.         25.19474836 39.75115207
 82.         25.19474836 82.         82.         82.         39.75115207
 39.75115207 39.75115207 39.75115207 25.19474836 25.19474836 25.19474836
 39.75115207 39.75115207 39.75115207 25.19474836 25.19474836 82.
 25.19474836 82.         39.75115207 39.75115207 39.75115207 82.
 39.75115207 39.75115207 39.75115207 25.19474836 39.75115207 25.19474836
 25.19474836 82.         39.75115207 82.         25.19474836 82.
 39.75115207 82.         25.19474836 82.         39.75115207 25.19474836
 82.         39.75115207 25.19474836 39.75115207 82.         82.
 82.         39.75115207 39.75115207 25.19474836 25.19474836 82.
 82.         25.19474836 82.         25.19474836 25.19474836 39.75115207
 82.         82.         82.         82.         25.19474836 39.75115207
 39.75115207 82.         25.19474836 25.19474836 25.19474836 25.19474836
 25.19474836 39.75115207 25.19474836 25.19474836 39.75115207 39.75115207
 25.19474836 25.19474836 82.         82.         25.19474836 39.75115207
 82.         39.75115207 82.         25.19474836 39.75115207 39.75115207
 82.         39.75115207 82.         39.75115207 25.19474836 25.19474836
 82.         25.19474836 39.75115207 39.75115207 39.75115207 82.
 82.         39.75115207 82.         39.75115207 25.19474836 39.75115207
 39.75115207 25.19474836 25.19474836 82.         39.75115207 39.75115207
 39.75115207 25.19474836 25.19474836 25.19474836 25.19474836 25.19474836
 39.75115207 25.19474836 39.75115207 82.         25.19474836 39.75115207
 82.         82.         82.         25.19474836 82.         39.75115207
 82.         25.19474836 82.         25.19474836 82.         25.19474836
 39.75115207 25.19474836 82.         25.19474836 39.75115207 39.75115207
 25.19474836 39.75115207 39.75115207 82.         39.75115207 25.19474836
 25.19474836 25.19474836 39.75115207 25.19474836 25.19474836 39.75115207
 82.         39.75115207 82.         39.75115207 39.75115207 25.19474836
 82.         25.19474836 39.75115207 39.75115207 82.         25.19474836
 25.19474836 39.75115207 25.19474836 25.19474836 82.         25.19474836
 39.75115207 25.19474836 25.19474836 25.19474836 39.75115207 39.75115207
 82.         25.19474836 39.75115207 39.75115207 39.75115207 25.19474836
 82.         39.75115207 39.75115207 39.75115207 39.75115207 25.19474836
 82.         25.19474836 25.19474836 39.75115207 39.75115207 39.75115207
 25.19474836 25.19474836 25.19474836 82.         82.         39.75115207
 82.         25.19474836 82.         82.         82.         25.19474836
 82.         82.         82.         82.         82.         25.19474836
 82.         25.19474836 82.         39.75115207 82.         25.19474836
 25.19474836 25.19474836 25.19474836 39.75115207 25.19474836 39.75115207
 82.         25.19474836 25.19474836 39.75115207 25.19474836 82.
 39.75115207 82.         25.19474836 82.         25.19474836 82.
 39.75115207 25.19474836 39.75115207 39.75115207 39.75115207 82.
 82.         82.         39.75115207 39.75115207 39.75115207 25.19474836
 82.         25.19474836 25.19474836 82.         39.75115207 25.19474836
 39.75115207 39.75115207 39.75115207 82.         25.19474836 82.
 39.75115207 25.19474836 82.         82.         82.         39.75115207
 25.19474836 25.19474836 25.19474836 25.19474836 39.75115207 25.19474836
 25.19474836 25.19474836 82.         39.75115207 25.19474836 82.
 25.19474836 82.         82.         39.75115207 25.19474836 82.
 39.75115207 82.         39.75115207 39.75115207 39.75115207 82.
 25.19474836 39.75115207 25.19474836 39.75115207 82.         39.75115207
 39.75115207 82.         39.75115207 82.         25.19474836 82.
 39.75115207 82.         39.75115207 39.75115207 82.         25.19474836]",[0.34765625 0.3828125  0.26953125],0.4212681073876558,0.7129201261852296,0.12030587309672869,0
16,random-forest,[20.         21.5        29.83333333 55.83333333 82.        ],"[55.83333333 55.83333333 55.83333333 21.5        55.83333333 55.83333333
 29.83333333 29.83333333 55.83333333 55.83333333 55.83333333 55.83333333
 82.         82.         55.83333333 55.83333333 55.83333333 55.83333333
 55.83333333 55.83333333 29.83333333 55.83333333 55.83333333 29.83333333
 55.83333333 55.83333333 55.83333333 29.83333333 82.         55.83333333
 82.         29.83333333 29.83333333 29.83333333 55.83333333 55.83333333
 55.83333333 55.83333333 29.83333333 82.         29.83333333 55.83333333
 55.83333333 55.83333333 55.83333333 29.83333333 29.83333333 29.83333333
 55.83333333 29.83333333 29.83333333 29.83333333 55.83333333 82.
 55.83333333 21.5        55.83333333 55.83333333 55.83333333 29.83333333
 21.5        55.83333333 55.83333333 29.83333333 55.83333333 55.83333333
 55.83333333 55.83333333 29.83333333 29.83333333 29.83333333 29.83333333
 55.83333333 29.83333333 29.83333333 29.83333333 55.83333333 29.83333333
 29.83333333 29.83333333 29.83333333 29.83333333 55.83333333 29.83333333
 55.83333333 29.83333333 55.83333333 29.83333333 55.83333333 29.83333333
 21.5        55.83333333 55.83333333 82.         21.5        55.83333333
 29.83333333 29.83333333 29.83333333 55.83333333 55.83333333 29.83333333
 21.5        29.83333333 29.83333333 21.5        29.83333333 55.83333333
 29.83333333 29.83333333 29.83333333 55.83333333 29.83333333 29.83333333
 55.83333333 82.         55.83333333 29.83333333 29.83333333 21.5
 29.83333333 29.83333333 29.83333333 82.         29.83333333 29.83333333
 55.83333333 29.83333333 55.83333333 82.         55.83333333 55.83333333
 55.83333333 55.83333333 29.83333333 55.83333333 21.5        29.83333333
 29.83333333 29.83333333 55.83333333 55.83333333 29.83333333 55.83333333
 29.83333333 21.5        55.83333333 55.83333333 82.         29.83333333
 29.83333333 55.83333333 55.83333333 29.83333333 55.83333333 55.83333333
 21.5        29.83333333 29.83333333 55.83333333 55.83333333 55.83333333
 29.83333333 21.5        55.83333333 55.83333333 29.83333333 55.83333333
 29.83333333 29.83333333 55.83333333 29.83333333 29.83333333 29.83333333
 55.83333333 55.83333333 55.83333333 29.83333333 55.83333333 55.83333333
 55.83333333 29.83333333 21.5        29.83333333 55.83333333 55.83333333
 82.         55.83333333 55.83333333 29.83333333 21.5        55.83333333
 55.83333333 55.83333333 55.83333333 29.83333333 21.5        29.83333333
 29.83333333 29.83333333 21.5        29.83333333 55.83333333 29.83333333
 55.83333333 29.83333333 82.         55.83333333 21.5        55.83333333
 29.83333333 29.83333333 82.         29.83333333 55.83333333 55.83333333
 29.83333333 55.83333333 55.83333333 55.83333333 21.5        82.
 55.83333333 82.         29.83333333 29.83333333 29.83333333 29.83333333
 55.83333333 29.83333333 29.83333333 55.83333333 29.83333333 29.83333333
 29.83333333 29.83333333 55.83333333 29.83333333 55.83333333 29.83333333
 21.5        29.83333333 29.83333333 55.83333333 29.83333333 55.83333333
 55.83333333 29.83333333 55.83333333 29.83333333 55.83333333 29.83333333
 29.83333333 29.83333333 55.83333333 21.5        55.83333333 29.83333333
 29.83333333 55.83333333 55.83333333 29.83333333 29.83333333 82.
 55.83333333 55.83333333 29.83333333 29.83333333 21.5        29.83333333
 55.83333333 21.5        55.83333333 21.5        55.83333333 29.83333333
 29.83333333 29.83333333 82.         29.83333333 29.83333333 55.83333333
 55.83333333 55.83333333 55.83333333 55.83333333 55.83333333 29.83333333
 29.83333333 55.83333333 21.5        29.83333333 55.83333333 29.83333333
 82.         29.83333333 29.83333333 29.83333333 55.83333333 82.
 55.83333333 29.83333333 55.83333333 29.83333333 55.83333333 29.83333333
 55.83333333 21.5        29.83333333 55.83333333 55.83333333 29.83333333
 29.83333333 29.83333333 55.83333333 29.83333333 55.83333333 29.83333333
 29.83333333 82.         55.83333333 29.83333333 55.83333333 55.83333333
 21.5        29.83333333 55.83333333 55.83333333 29.83333333 55.83333333
 55.83333333 29.83333333 55.83333333 55.83333333 29.83333333 29.83333333
 55.83333333 55.83333333 55.83333333 55.83333333 29.83333333 55.83333333
 29.83333333 55.83333333 82.         55.83333333 29.83333333 29.83333333
 29.83333333 55.83333333 29.83333333 55.83333333 55.83333333 29.83333333
 21.5        55.83333333 29.83333333 55.83333333 55.83333333 29.83333333
 29.83333333 82.         82.         82.         55.83333333 55.83333333
 29.83333333 21.5        29.83333333 55.83333333 29.83333333 21.5
 21.5        29.83333333 29.83333333 82.         29.83333333 29.83333333
 55.83333333 55.83333333 29.83333333 29.83333333 21.5        29.83333333
 29.83333333 29.83333333 55.83333333 55.83333333 82.         29.83333333
 55.83333333 29.83333333 21.5        55.83333333 55.83333333 29.83333333
 55.83333333 29.83333333 29.83333333 29.83333333 55.83333333 55.83333333
 55.83333333 55.83333333 55.83333333 29.83333333 55.83333333 29.83333333
 55.83333333 29.83333333 29.83333333 29.83333333 29.83333333 21.5
 21.5        29.83333333 29.83333333 55.83333333 29.83333333 29.83333333
 29.83333333 21.5        21.5        21.5        55.83333333 55.83333333
 29.83333333 55.83333333 29.83333333 55.83333333 29.83333333 55.83333333
 29.83333333 29.83333333 55.83333333 29.83333333 55.83333333 29.83333333
 21.5        55.83333333 55.83333333 29.83333333 29.83333333 55.83333333
 55.83333333 29.83333333 29.83333333 29.83333333 29.83333333 29.83333333
 29.83333333 29.83333333 29.83333333 82.         29.83333333 55.83333333
 82.         29.83333333 55.83333333 82.         55.83333333 29.83333333
 55.83333333 55.83333333 55.83333333 21.5        29.83333333 29.83333333
 55.83333333 29.83333333 29.83333333 29.83333333 29.83333333 55.83333333
 29.83333333 82.         29.83333333 55.83333333 55.83333333 82.
 55.83333333 29.83333333 29.83333333 29.83333333 55.83333333 29.83333333
 21.5        82.         29.83333333 82.         29.83333333 55.83333333
 55.83333333 55.83333333 29.83333333 82.         55.83333333 29.83333333
 55.83333333 55.83333333 21.5        29.83333333 55.83333333 55.83333333
 55.83333333 55.83333333 55.83333333 21.5        21.5        82.
 55.83333333 21.5        82.         29.83333333 29.83333333 29.83333333
 55.83333333 55.83333333 55.83333333 82.         29.83333333 29.83333333
 29.83333333 55.83333333 29.83333333 21.5        21.5        29.83333333
 29.83333333 55.83333333 29.83333333 29.83333333 29.83333333 55.83333333
 29.83333333 29.83333333 55.83333333 82.         29.83333333 55.83333333
 55.83333333 29.83333333 82.         29.83333333 29.83333333 55.83333333
 55.83333333 29.83333333 55.83333333 55.83333333 21.5        29.83333333
 82.         29.83333333 29.83333333 55.83333333 55.83333333 82.
 55.83333333 55.83333333 55.83333333 29.83333333 29.83333333 55.83333333
 29.83333333 29.83333333 21.5        55.83333333 55.83333333 55.83333333
 55.83333333 21.5        29.83333333 29.83333333 29.83333333 29.83333333
 55.83333333 21.5        55.83333333 82.         21.5        29.83333333
 82.         55.83333333 55.83333333 29.83333333 55.83333333 29.83333333
 55.83333333 29.83333333 55.83333333 29.83333333 55.83333333 29.83333333
 55.83333333 29.83333333 55.83333333 21.5        55.83333333 29.83333333
 29.83333333 29.83333333 55.83333333 55.83333333 55.83333333 21.5
 29.83333333 29.83333333 29.83333333 29.83333333 29.83333333 55.83333333
 55.83333333 29.83333333 55.83333333 29.83333333 55.83333333 29.83333333
 55.83333333 29.83333333 29.83333333 29.83333333 55.83333333 21.5
 21.5        29.83333333 21.5        21.5        55.83333333 21.5
 55.83333333 29.83333333 29.83333333 29.83333333 55.83333333 55.83333333
 55.83333333 29.83333333 55.83333333 29.83333333 29.83333333 29.83333333
 55.83333333 55.83333333 29.83333333 55.83333333 55.83333333 29.83333333
 55.83333333 29.83333333 29.83333333 29.83333333 29.83333333 29.83333333
 29.83333333 29.83333333 29.83333333 55.83333333 55.83333333 29.83333333
 55.83333333 29.83333333 55.83333333 55.83333333 55.83333333 29.83333333
 82.         55.83333333 55.83333333 55.83333333 55.83333333 21.5
 55.83333333 29.83333333 82.         55.83333333 55.83333333 29.83333333
 29.83333333 29.83333333 29.83333333 29.83333333 29.83333333 29.83333333
 82.         29.83333333 29.83333333 29.83333333 29.83333333 55.83333333
 55.83333333 55.83333333 29.83333333 55.83333333 29.83333333 55.83333333
 55.83333333 29.83333333 29.83333333 29.83333333 29.83333333 55.83333333
 55.83333333 55.83333333 29.83333333 29.83333333 55.83333333 29.83333333
 55.83333333 29.83333333 29.83333333 55.83333333 55.83333333 21.5
 55.83333333 55.83333333 55.83333333 82.         29.83333333 55.83333333
 55.83333333 21.5        55.83333333 55.83333333 55.83333333 55.83333333
 29.83333333 29.83333333 29.83333333 29.83333333 55.83333333 29.83333333
 29.83333333 29.83333333 55.83333333 29.83333333 21.5        55.83333333
 21.5        55.83333333 55.83333333 29.83333333 29.83333333 55.83333333
 55.83333333 55.83333333 29.83333333 55.83333333 55.83333333 55.83333333
 29.83333333 29.83333333 29.83333333 29.83333333 55.83333333 55.83333333
 55.83333333 55.83333333 29.83333333 82.         29.83333333 55.83333333
 55.83333333 82.         29.83333333 55.83333333 55.83333333 29.83333333]",[0.08203125 0.43359375 0.41927083 0.06510417],0.3236340597395605,0.7301821471122527,0.2717752161376008,0
17,bayesian-blocks,[20.  21.5 22.5 29.5 46.5 58.5 69.5 81. ],"[58.5 46.5 46.5 21.5 46.5 46.5 29.5 29.5 58.5 58.5 46.5 46.5 58.5 69.5
 58.5 46.5 46.5 46.5 46.5 46.5 29.5 58.5 46.5 29.5 58.5 46.5 46.5 22.5
 58.5 46.5 69.5 29.5 22.5 29.5 46.5 46.5 46.5 46.5 29.5 58.5 29.5 46.5
 58.5 58.5 46.5 29.5 29.5 22.5 46.5 29.5 22.5 29.5 46.5 58.5 46.5 21.5
 46.5 46.5 46.5 22.5 21.5 46.5 46.5 29.5 46.5 46.5 46.5 58.5 29.5 29.5
 29.5 29.5 46.5 29.5 22.5 22.5 46.5 29.5 29.5 29.5 22.5 22.5 46.5 22.5
 46.5 29.5 46.5 29.5 46.5 29.5 21.5 46.5 46.5 69.5 21.5 46.5 29.5 22.5
 29.5 46.5 46.5 22.5 21.5 29.5 29.5 21.5 29.5 46.5 29.5 29.5 29.5 46.5
 29.5 29.5 46.5 69.5 46.5 29.5 22.5 21.5 29.5 29.5 29.5 69.5 29.5 29.5
 46.5 29.5 46.5 69.5 46.5 46.5 46.5 46.5 29.5 46.5 21.5 22.5 29.5 29.5
 58.5 46.5 22.5 46.5 29.5 21.5 46.5 46.5 69.5 22.5 29.5 46.5 46.5 29.5
 46.5 46.5 21.5 29.5 22.5 58.5 46.5 46.5 29.5 21.5 46.5 46.5 22.5 46.5
 29.5 29.5 46.5 29.5 29.5 29.5 46.5 46.5 46.5 29.5 58.5 46.5 46.5 29.5
 21.5 29.5 46.5 46.5 69.5 46.5 46.5 29.5 21.5 46.5 46.5 46.5 46.5 29.5
 21.5 29.5 29.5 29.5 21.5 29.5 46.5 29.5 58.5 29.5 58.5 58.5 21.5 46.5
 29.5 29.5 69.5 29.5 46.5 46.5 29.5 46.5 46.5 46.5 21.5 69.5 46.5 69.5
 29.5 22.5 29.5 29.5 46.5 29.5 22.5 46.5 22.5 29.5 29.5 29.5 58.5 29.5
 46.5 29.5 21.5 22.5 22.5 46.5 29.5 58.5 46.5 29.5 46.5 29.5 46.5 29.5
 29.5 29.5 46.5 21.5 46.5 29.5 29.5 58.5 46.5 29.5 29.5 69.5 46.5 46.5
 29.5 29.5 21.5 29.5 46.5 21.5 46.5 21.5 58.5 29.5 29.5 29.5 58.5 22.5
 29.5 46.5 46.5 58.5 58.5 58.5 46.5 29.5 29.5 46.5 21.5 29.5 46.5 29.5
 69.5 29.5 29.5 29.5 46.5 58.5 46.5 29.5 46.5 29.5 46.5 29.5 58.5 21.5
 29.5 46.5 46.5 22.5 29.5 29.5 46.5 29.5 46.5 29.5 29.5 69.5 46.5 29.5
 46.5 46.5 21.5 29.5 46.5 46.5 29.5 46.5 46.5 29.5 46.5 46.5 22.5 29.5
 46.5 46.5 46.5 46.5 22.5 46.5 22.5 46.5 58.5 58.5 22.5 29.5 29.5 46.5
 29.5 46.5 46.5 29.5 21.5 58.5 29.5 46.5 58.5 29.5 29.5 69.5 69.5 69.5
 46.5 46.5 29.5 21.5 22.5 46.5 29.5 21.5 21.5 29.5 29.5 58.5 22.5 22.5
 46.5 46.5 29.5 22.5 21.5 29.5 29.5 29.5 46.5 46.5 58.5 29.5 46.5 29.5
 21.5 46.5 46.5 29.5 46.5 22.5 29.5 29.5 46.5 58.5 46.5 46.5 46.5 29.5
 46.5 29.5 46.5 29.5 29.5 29.5 22.5 21.5 21.5 22.5 22.5 46.5 29.5 29.5
 29.5 21.5 21.5 21.5 46.5 46.5 29.5 46.5 29.5 46.5 29.5 46.5 22.5 29.5
 46.5 29.5 46.5 29.5 21.5 46.5 46.5 22.5 29.5 46.5 46.5 29.5 29.5 29.5
 22.5 29.5 29.5 29.5 29.5 81.  29.5 46.5 69.5 29.5 58.5 81.  58.5 29.5
 46.5 46.5 46.5 21.5 22.5 29.5 46.5 29.5 29.5 22.5 22.5 58.5 29.5 69.5
 29.5 46.5 46.5 69.5 46.5 29.5 29.5 29.5 46.5 29.5 21.5 58.5 29.5 69.5
 29.5 46.5 46.5 46.5 22.5 69.5 46.5 29.5 58.5 46.5 21.5 29.5 46.5 46.5
 46.5 46.5 46.5 21.5 21.5 69.5 46.5 21.5 58.5 22.5 29.5 29.5 58.5 58.5
 46.5 69.5 29.5 29.5 29.5 46.5 29.5 21.5 21.5 29.5 22.5 46.5 22.5 29.5
 29.5 46.5 29.5 29.5 46.5 69.5 29.5 46.5 46.5 29.5 58.5 29.5 29.5 46.5
 58.5 29.5 58.5 46.5 21.5 29.5 69.5 29.5 29.5 46.5 46.5 58.5 46.5 46.5
 58.5 29.5 29.5 46.5 29.5 22.5 21.5 46.5 46.5 46.5 46.5 21.5 22.5 22.5
 29.5 29.5 46.5 21.5 46.5 69.5 21.5 29.5 69.5 46.5 58.5 22.5 46.5 29.5
 58.5 29.5 46.5 29.5 46.5 29.5 46.5 22.5 46.5 21.5 46.5 29.5 29.5 29.5
 46.5 58.5 46.5 21.5 22.5 29.5 29.5 29.5 29.5 46.5 46.5 29.5 58.5 29.5
 46.5 29.5 58.5 29.5 29.5 29.5 46.5 21.5 21.5 29.5 21.5 21.5 46.5 21.5
 46.5 29.5 29.5 22.5 46.5 46.5 58.5 29.5 46.5 29.5 29.5 29.5 58.5 46.5
 29.5 46.5 46.5 22.5 46.5 29.5 29.5 29.5 29.5 29.5 22.5 29.5 22.5 46.5
 58.5 29.5 58.5 22.5 46.5 46.5 46.5 29.5 81.  46.5 46.5 46.5 58.5 21.5
 58.5 22.5 69.5 46.5 58.5 29.5 29.5 29.5 22.5 29.5 22.5 29.5 69.5 29.5
 22.5 29.5 29.5 46.5 46.5 46.5 29.5 46.5 29.5 46.5 46.5 22.5 29.5 29.5
 29.5 58.5 58.5 46.5 29.5 29.5 46.5 22.5 46.5 29.5 29.5 46.5 46.5 21.5
 46.5 46.5 46.5 58.5 29.5 58.5 46.5 21.5 46.5 46.5 46.5 46.5 29.5 22.5
 22.5 22.5 46.5 22.5 29.5 22.5 58.5 29.5 21.5 46.5 21.5 46.5 58.5 29.5
 22.5 46.5 46.5 46.5 29.5 46.5 46.5 58.5 22.5 29.5 29.5 29.5 46.5 46.5
 46.5 58.5 29.5 69.5 22.5 46.5 46.5 69.5 29.5 46.5 58.5 29.5]","[0.08203125 0.09375    0.33984375 0.34765625 0.09114583 0.04166667
 0.00390625]",0.14667050027121922,0.01492006078571384,0.15674180427079498,0
18,mdlp,[20.         24.         28.45870968 61.20774194 82.        ],"[61.20774194 61.20774194 61.20774194 24.         61.20774194 61.20774194
 28.45870968 61.20774194 61.20774194 61.20774194 61.20774194 61.20774194
 61.20774194 61.20774194 61.20774194 61.20774194 61.20774194 61.20774194
 61.20774194 61.20774194 28.45870968 61.20774194 61.20774194 61.20774194
 61.20774194 61.20774194 61.20774194 24.         61.20774194 61.20774194
 61.20774194 28.45870968 24.         28.45870968 61.20774194 61.20774194
 61.20774194 61.20774194 28.45870968 61.20774194 28.45870968 61.20774194
 61.20774194 61.20774194 61.20774194 28.45870968 61.20774194 24.
 61.20774194 24.         24.         28.45870968 61.20774194 61.20774194
 61.20774194 24.         61.20774194 61.20774194 61.20774194 24.
 24.         61.20774194 61.20774194 24.         61.20774194 61.20774194
 61.20774194 61.20774194 28.45870968 28.45870968 28.45870968 28.45870968
 61.20774194 24.         24.         24.         61.20774194 28.45870968
 28.45870968 24.         24.         24.         61.20774194 24.
 61.20774194 28.45870968 61.20774194 28.45870968 61.20774194 24.
 24.         61.20774194 61.20774194 61.20774194 24.         61.20774194
 24.         24.         24.         61.20774194 61.20774194 24.
 24.         24.         28.45870968 24.         28.45870968 61.20774194
 28.45870968 24.         24.         61.20774194 24.         28.45870968
 61.20774194 61.20774194 61.20774194 28.45870968 24.         24.
 28.45870968 24.         24.         82.         24.         28.45870968
 61.20774194 24.         61.20774194 82.         61.20774194 61.20774194
 61.20774194 61.20774194 28.45870968 61.20774194 24.         24.
 61.20774194 28.45870968 61.20774194 61.20774194 24.         61.20774194
 24.         24.         61.20774194 61.20774194 82.         24.
 24.         61.20774194 61.20774194 24.         61.20774194 61.20774194
 24.         24.         24.         61.20774194 61.20774194 61.20774194
 28.45870968 24.         61.20774194 61.20774194 24.         61.20774194
 61.20774194 61.20774194 61.20774194 61.20774194 28.45870968 24.
 61.20774194 61.20774194 61.20774194 28.45870968 61.20774194 61.20774194
 61.20774194 24.         24.         28.45870968 61.20774194 61.20774194
 61.20774194 61.20774194 61.20774194 28.45870968 24.         61.20774194
 61.20774194 61.20774194 61.20774194 61.20774194 24.         24.
 28.45870968 61.20774194 24.         28.45870968 61.20774194 28.45870968
 61.20774194 28.45870968 61.20774194 61.20774194 24.         61.20774194
 28.45870968 24.         61.20774194 24.         61.20774194 61.20774194
 28.45870968 61.20774194 61.20774194 61.20774194 24.         82.
 61.20774194 61.20774194 28.45870968 24.         28.45870968 24.
 61.20774194 24.         24.         61.20774194 24.         61.20774194
 24.         28.45870968 61.20774194 24.         61.20774194 28.45870968
 24.         24.         24.         61.20774194 61.20774194 61.20774194
 61.20774194 24.         61.20774194 24.         61.20774194 28.45870968
 24.         28.45870968 61.20774194 24.         61.20774194 28.45870968
 24.         61.20774194 61.20774194 28.45870968 24.         82.
 61.20774194 61.20774194 28.45870968 24.         24.         28.45870968
 61.20774194 24.         61.20774194 24.         61.20774194 28.45870968
 61.20774194 24.         61.20774194 24.         28.45870968 61.20774194
 61.20774194 61.20774194 61.20774194 61.20774194 61.20774194 61.20774194
 28.45870968 61.20774194 24.         28.45870968 61.20774194 24.
 82.         28.45870968 61.20774194 24.         61.20774194 61.20774194
 61.20774194 28.45870968 61.20774194 28.45870968 61.20774194 61.20774194
 61.20774194 24.         28.45870968 61.20774194 61.20774194 24.
 28.45870968 28.45870968 61.20774194 28.45870968 61.20774194 61.20774194
 28.45870968 61.20774194 61.20774194 28.45870968 61.20774194 61.20774194
 24.         24.         61.20774194 61.20774194 24.         61.20774194
 61.20774194 28.45870968 61.20774194 61.20774194 24.         28.45870968
 61.20774194 61.20774194 61.20774194 61.20774194 24.         61.20774194
 24.         61.20774194 61.20774194 61.20774194 24.         24.
 28.45870968 61.20774194 61.20774194 61.20774194 61.20774194 24.
 24.         61.20774194 28.45870968 61.20774194 61.20774194 61.20774194
 61.20774194 82.         82.         82.         61.20774194 61.20774194
 61.20774194 24.         24.         61.20774194 28.45870968 24.
 24.         28.45870968 28.45870968 61.20774194 24.         24.
 61.20774194 61.20774194 24.         24.         24.         28.45870968
 28.45870968 24.         61.20774194 61.20774194 61.20774194 28.45870968
 61.20774194 28.45870968 24.         61.20774194 61.20774194 28.45870968
 61.20774194 24.         28.45870968 28.45870968 61.20774194 61.20774194
 61.20774194 61.20774194 61.20774194 28.45870968 61.20774194 28.45870968
 61.20774194 28.45870968 28.45870968 28.45870968 24.         24.
 24.         24.         24.         61.20774194 28.45870968 28.45870968
 28.45870968 24.         24.         24.         61.20774194 61.20774194
 28.45870968 61.20774194 28.45870968 61.20774194 24.         61.20774194
 24.         61.20774194 61.20774194 61.20774194 61.20774194 28.45870968
 24.         61.20774194 61.20774194 24.         24.         61.20774194
 61.20774194 28.45870968 28.45870968 28.45870968 24.         28.45870968
 24.         24.         28.45870968 82.         24.         61.20774194
 82.         24.         61.20774194 82.         61.20774194 28.45870968
 61.20774194 61.20774194 61.20774194 24.         24.         28.45870968
 61.20774194 28.45870968 28.45870968 24.         24.         61.20774194
 24.         61.20774194 61.20774194 61.20774194 61.20774194 82.
 61.20774194 61.20774194 28.45870968 24.         61.20774194 24.
 24.         61.20774194 28.45870968 82.         24.         61.20774194
 61.20774194 61.20774194 24.         82.         61.20774194 28.45870968
 61.20774194 61.20774194 24.         28.45870968 61.20774194 61.20774194
 61.20774194 61.20774194 61.20774194 24.         24.         82.
 61.20774194 24.         61.20774194 24.         24.         28.45870968
 61.20774194 61.20774194 61.20774194 61.20774194 28.45870968 28.45870968
 28.45870968 61.20774194 24.         24.         24.         24.
 24.         61.20774194 24.         24.         61.20774194 61.20774194
 24.         24.         61.20774194 82.         24.         61.20774194
 61.20774194 28.45870968 61.20774194 28.45870968 61.20774194 61.20774194
 61.20774194 28.45870968 61.20774194 61.20774194 24.         28.45870968
 82.         24.         28.45870968 61.20774194 61.20774194 61.20774194
 61.20774194 61.20774194 61.20774194 28.45870968 24.         61.20774194
 28.45870968 24.         24.         61.20774194 61.20774194 61.20774194
 61.20774194 24.         24.         24.         24.         28.45870968
 61.20774194 24.         61.20774194 82.         24.         28.45870968
 82.         61.20774194 61.20774194 24.         61.20774194 61.20774194
 61.20774194 28.45870968 61.20774194 24.         61.20774194 28.45870968
 61.20774194 24.         61.20774194 24.         61.20774194 28.45870968
 24.         28.45870968 61.20774194 61.20774194 61.20774194 24.
 24.         28.45870968 28.45870968 24.         24.         61.20774194
 61.20774194 28.45870968 61.20774194 28.45870968 61.20774194 24.
 61.20774194 24.         28.45870968 28.45870968 61.20774194 24.
 24.         61.20774194 24.         24.         61.20774194 24.
 61.20774194 24.         24.         24.         61.20774194 61.20774194
 61.20774194 24.         61.20774194 28.45870968 28.45870968 24.
 61.20774194 61.20774194 28.45870968 61.20774194 61.20774194 24.
 61.20774194 24.         24.         28.45870968 28.45870968 28.45870968
 24.         28.45870968 24.         61.20774194 61.20774194 28.45870968
 61.20774194 24.         61.20774194 61.20774194 61.20774194 24.
 82.         61.20774194 61.20774194 61.20774194 61.20774194 24.
 61.20774194 24.         82.         61.20774194 61.20774194 28.45870968
 28.45870968 24.         24.         28.45870968 24.         28.45870968
 82.         28.45870968 24.         61.20774194 24.         61.20774194
 61.20774194 61.20774194 24.         61.20774194 28.45870968 61.20774194
 61.20774194 24.         28.45870968 28.45870968 28.45870968 61.20774194
 61.20774194 61.20774194 28.45870968 28.45870968 61.20774194 24.
 61.20774194 24.         24.         61.20774194 61.20774194 24.
 61.20774194 61.20774194 61.20774194 61.20774194 24.         61.20774194
 61.20774194 24.         61.20774194 61.20774194 61.20774194 61.20774194
 28.45870968 24.         24.         24.         61.20774194 24.
 24.         24.         61.20774194 28.45870968 24.         61.20774194
 24.         61.20774194 61.20774194 28.45870968 24.         61.20774194
 61.20774194 61.20774194 28.45870968 61.20774194 61.20774194 61.20774194
 24.         28.45870968 28.45870968 28.45870968 61.20774194 61.20774194
 61.20774194 61.20774194 28.45870968 82.         24.         61.20774194
 61.20774194 82.         28.45870968 61.20774194 61.20774194 24.        ]",[0.22526042 0.25260417 0.48958333 0.03255208],0.37337607025177527,0.7132511985351289,0.26735879064757284,0
